-- phpMyAdmin SQL Dump
-- version 4.8.5
-- https://www.phpmyadmin.net/
--
-- Host: 127.0.0.1
-- Generation Time: Nov 29, 2020 at 10:15 PM
-- Server version: 10.1.38-MariaDB
-- PHP Version: 7.3.3

SET SQL_MODE = "NO_AUTO_VALUE_ON_ZERO";
SET AUTOCOMMIT = 0;
START TRANSACTION;
SET time_zone = "+00:00";


/*!40101 SET @OLD_CHARACTER_SET_CLIENT=@@CHARACTER_SET_CLIENT */;
/*!40101 SET @OLD_CHARACTER_SET_RESULTS=@@CHARACTER_SET_RESULTS */;
/*!40101 SET @OLD_COLLATION_CONNECTION=@@COLLATION_CONNECTION */;
/*!40101 SET NAMES utf8mb4 */;

--
-- Database: `ecomapi`
--

-- --------------------------------------------------------

--
-- Table structure for table `migrations`
--

CREATE TABLE `migrations` (
  `id` int(10) UNSIGNED NOT NULL,
  `migration` varchar(191) COLLATE utf8mb4_unicode_ci NOT NULL,
  `batch` int(11) NOT NULL
) ENGINE=InnoDB DEFAULT CHARSET=utf8mb4 COLLATE=utf8mb4_unicode_ci;

--
-- Dumping data for table `migrations`
--

INSERT INTO `migrations` (`id`, `migration`, `batch`) VALUES
(1, '2014_10_12_000000_create_users_table', 1),
(2, '2014_10_12_100000_create_password_resets_table', 1),
(3, '2020_11_27_222558_create_products_table', 1),
(4, '2020_11_27_222843_create_reviews_table', 1);

-- --------------------------------------------------------

--
-- Table structure for table `password_resets`
--

CREATE TABLE `password_resets` (
  `email` varchar(191) COLLATE utf8mb4_unicode_ci NOT NULL,
  `token` varchar(191) COLLATE utf8mb4_unicode_ci NOT NULL,
  `created_at` timestamp NULL DEFAULT NULL
) ENGINE=InnoDB DEFAULT CHARSET=utf8mb4 COLLATE=utf8mb4_unicode_ci;

-- --------------------------------------------------------

--
-- Table structure for table `products`
--

CREATE TABLE `products` (
  `id` bigint(20) UNSIGNED NOT NULL,
  `name` varchar(191) COLLATE utf8mb4_unicode_ci NOT NULL,
  `detail` text COLLATE utf8mb4_unicode_ci NOT NULL,
  `price` int(11) NOT NULL,
  `stock` int(11) NOT NULL,
  `discount` int(11) NOT NULL,
  `created_at` timestamp NULL DEFAULT NULL,
  `updated_at` timestamp NULL DEFAULT NULL
) ENGINE=InnoDB DEFAULT CHARSET=utf8mb4 COLLATE=utf8mb4_unicode_ci;

--
-- Dumping data for table `products`
--

INSERT INTO `products` (`id`, `name`, `detail`, `price`, `stock`, `discount`, `created_at`, `updated_at`) VALUES
(1, 'maiores', 'Deleniti optio sit dignissimos iure voluptatem. Et quos similique dolores. Aut ratione et saepe odit et ut. Iure ipsam dolores est amet dolores.', 240, 1, 3, '2020-11-29 07:13:37', '2020-11-29 07:13:37'),
(2, 'omnis', 'Sapiente omnis et sapiente minus. Sed officia quia natus sunt eos et aliquid. Consequatur unde fugiat sit. Perferendis aut ut in laudantium.', 117, 3, 26, '2020-11-29 07:13:37', '2020-11-29 07:13:37'),
(3, 'sunt', 'Vel maiores dolore autem voluptatum sapiente. Consequatur in soluta ut blanditiis maxime maiores similique. Et rem enim voluptatem.', 619, 2, 18, '2020-11-29 07:13:37', '2020-11-29 07:13:37'),
(4, 'esse', 'Quis quia praesentium dolores fugiat. Hic magnam voluptas quia et.', 199, 6, 28, '2020-11-29 07:13:37', '2020-11-29 07:13:37'),
(5, 'vel', 'Qui tempore assumenda expedita non dolor accusamus. Ut dolorem totam laudantium consequuntur unde sunt. Adipisci nostrum quaerat consequatur consequatur non iure architecto officiis. Est facere fugiat sint cupiditate quia reiciendis.', 606, 6, 21, '2020-11-29 07:13:37', '2020-11-29 07:13:37'),
(6, 'hic', 'Quis vero nihil et. Dolorem autem ad aut sed fugit sit. Debitis quaerat suscipit quibusdam praesentium amet qui iure necessitatibus.', 786, 2, 2, '2020-11-29 07:13:37', '2020-11-29 07:13:37'),
(7, 'alias', 'Illo praesentium sint ipsum quia sunt et rerum. Dolor aut fugiat architecto sed aperiam quos. Aut totam consequatur impedit assumenda nobis doloremque sit.', 987, 9, 5, '2020-11-29 07:13:37', '2020-11-29 07:13:37'),
(8, 'impedit', 'Qui officia in fugiat eaque nam. Et omnis ad enim tempora et. Distinctio molestiae dolores sit saepe et omnis et. Aut sit expedita architecto saepe voluptatum.', 627, 9, 20, '2020-11-29 07:13:37', '2020-11-29 07:13:37'),
(9, 'numquam', 'Voluptatem omnis enim vitae voluptas repudiandae porro harum. Minima dignissimos rerum quidem quas sunt quasi quia. Et praesentium culpa veniam. Quos nisi dolorem qui odit amet.', 228, 3, 16, '2020-11-29 07:13:37', '2020-11-29 07:13:37'),
(10, 'et', 'Soluta voluptas a impedit ut aspernatur. Necessitatibus exercitationem velit aut dolor eligendi quo. Atque ut est aspernatur et autem culpa ratione.', 972, 0, 18, '2020-11-29 07:13:37', '2020-11-29 07:13:37'),
(11, 'saepe', 'Doloribus quasi libero vel voluptatem aut. Est architecto est doloremque modi. Et dolorum molestiae qui aliquid. Sapiente fuga a facilis.', 739, 3, 23, '2020-11-29 07:13:37', '2020-11-29 07:13:37'),
(12, 'saepe', 'Atque minima asperiores reiciendis ut corrupti inventore non. Soluta molestiae ipsum accusantium alias aut voluptatem est. Voluptatem et fugiat enim ut sint quaerat autem.', 382, 8, 18, '2020-11-29 07:13:37', '2020-11-29 07:13:37'),
(13, 'deleniti', 'Laudantium nemo id est ab quis ab aspernatur. Beatae dolores et sunt. Libero est doloremque eos voluptas rerum deleniti. Ipsum omnis aut sed molestiae aut et.', 807, 8, 9, '2020-11-29 07:13:37', '2020-11-29 07:13:37'),
(14, 'eum', 'Inventore dolores quo ut nam. Ex praesentium saepe quia a dolorem. Quo ab enim est voluptatem. Reiciendis officia omnis corporis vel.', 699, 9, 3, '2020-11-29 07:13:37', '2020-11-29 07:13:37'),
(15, 'officiis', 'Non aut molestiae eaque earum modi. Perspiciatis doloremque est aperiam aut aut et. Dignissimos et similique explicabo necessitatibus nihil ea placeat. Pariatur totam quaerat eius molestiae debitis corrupti a.', 935, 4, 25, '2020-11-29 07:13:38', '2020-11-29 07:13:38'),
(16, 'quas', 'Sit sint et at et recusandae a. Est ea alias non. Numquam est corporis ullam deserunt nam. Asperiores accusamus ut reiciendis eius eius.', 362, 1, 17, '2020-11-29 07:13:38', '2020-11-29 07:13:38'),
(17, 'voluptas', 'Consectetur quas qui cum non rerum eveniet sapiente. Et quia nemo voluptas maxime ut omnis ea. Sunt voluptas alias modi modi.', 229, 3, 29, '2020-11-29 07:13:38', '2020-11-29 07:13:38'),
(18, 'rem', 'Aut tempore dolorem quo a modi sint necessitatibus. Saepe aut at provident et eum sed magnam. Nobis consequatur reprehenderit repellendus.', 195, 1, 25, '2020-11-29 07:13:38', '2020-11-29 07:13:38'),
(19, 'excepturi', 'Nesciunt aliquam et ea et alias explicabo. Ipsam nihil recusandae sit sunt laborum sint quia. Exercitationem vel itaque animi omnis facilis praesentium voluptatem qui.', 805, 4, 30, '2020-11-29 07:13:38', '2020-11-29 07:13:38'),
(20, 'praesentium', 'Laudantium nihil suscipit harum rem pariatur. Facere hic sint occaecati quaerat. Ipsam distinctio quis laborum aut dolores reprehenderit saepe. Deserunt autem aperiam provident sed est quia.', 651, 8, 19, '2020-11-29 07:13:38', '2020-11-29 07:13:38'),
(21, 'iste', 'Hic vel asperiores et fugit animi animi. Velit quia architecto ea sit. Enim facilis modi eveniet voluptas consequuntur ut. Debitis autem soluta hic et eaque mollitia qui.', 451, 8, 4, '2020-11-29 07:13:38', '2020-11-29 07:13:38'),
(22, 'neque', 'Molestiae occaecati inventore fuga quia. Vel deserunt magnam molestiae voluptatem assumenda voluptas. Non suscipit consequatur labore laborum accusantium quos totam. Delectus nulla necessitatibus quibusdam. Aliquid impedit rerum ut.', 481, 1, 29, '2020-11-29 07:13:38', '2020-11-29 07:13:38'),
(23, 'non', 'Ea sit a doloremque pariatur iusto ut. Possimus sed rem rerum veniam voluptatem aut harum. Sed porro repudiandae molestias consequatur possimus voluptatum.', 443, 2, 3, '2020-11-29 07:13:38', '2020-11-29 07:13:38'),
(24, 'officiis', 'Suscipit dolorum tempore neque et. Ab nobis iure dolore autem sapiente nostrum at. Aut consequatur labore perferendis voluptatem placeat totam. Totam ad qui ratione error.', 236, 8, 18, '2020-11-29 07:13:38', '2020-11-29 07:13:38'),
(25, 'doloribus', 'Debitis quidem est error dolorem tempore et dolores. Et quia quia voluptate minus. Voluptates sed in asperiores.', 924, 8, 24, '2020-11-29 07:13:38', '2020-11-29 07:13:38'),
(26, 'nihil', 'Qui inventore et excepturi quibusdam laborum. Mollitia ea laudantium consequatur repudiandae ratione molestias natus. Adipisci reiciendis inventore recusandae nam corporis facere. Praesentium nulla iste doloribus tempora vel voluptatem temporibus aut.', 261, 1, 16, '2020-11-29 07:13:38', '2020-11-29 07:13:38'),
(27, 'aut', 'Sit aut alias tempora numquam. Quaerat voluptas qui accusantium voluptatibus omnis nemo vel iusto. Similique aut at ut tempora voluptatibus impedit.', 844, 7, 11, '2020-11-29 07:13:38', '2020-11-29 07:13:38'),
(28, 'repellat', 'Ullam qui pariatur est corporis. Est corrupti et non et dolor autem. Ut sit est a optio voluptatem.', 479, 4, 14, '2020-11-29 07:13:38', '2020-11-29 07:13:38'),
(29, 'iusto', 'Veritatis sed unde qui exercitationem dolore dicta. Ut sapiente nam ex. Molestiae nobis nesciunt voluptas dolor voluptatem aut aliquid. Perferendis voluptatem quos et consequatur veniam aut.', 513, 6, 29, '2020-11-29 07:13:38', '2020-11-29 07:13:38'),
(30, 'repellat', 'Dolorem pariatur consequatur non et qui. Molestias inventore ipsum sint nam accusantium. Necessitatibus et consectetur unde dignissimos nemo. Laborum itaque voluptatibus quasi ad sapiente mollitia exercitationem ex.', 157, 7, 8, '2020-11-29 07:13:38', '2020-11-29 07:13:38'),
(31, 'consequatur', 'Accusantium rem et aliquid ullam. Sint perspiciatis iste numquam perspiciatis. In nostrum in quia consequatur. Id excepturi ratione laudantium placeat eius officia.', 455, 1, 4, '2020-11-29 07:13:38', '2020-11-29 07:13:38'),
(32, 'ducimus', 'Sequi incidunt vel quo pariatur. Aut quibusdam dolor voluptatem quas. Dolores similique odit maiores maxime saepe a deleniti. Dolor aut accusantium enim sit dolor.', 696, 8, 25, '2020-11-29 07:13:38', '2020-11-29 07:13:38'),
(33, 'enim', 'Voluptatum alias dolores fugit laudantium enim quod. Eum aut voluptatum omnis. Explicabo ut quidem quia eius.', 237, 7, 11, '2020-11-29 07:13:38', '2020-11-29 07:13:38'),
(34, 'tempora', 'Quam id quia sapiente illo blanditiis. Consequuntur ut ut molestiae. Esse repellat deserunt reiciendis.', 875, 2, 7, '2020-11-29 07:13:38', '2020-11-29 07:13:38'),
(35, 'autem', 'Ipsa nesciunt excepturi eius nihil. Impedit aut nam quam qui qui eum consequatur.', 299, 1, 6, '2020-11-29 07:13:39', '2020-11-29 07:13:39'),
(36, 'sed', 'Voluptatem mollitia eligendi quo commodi. Sed distinctio eius sed atque hic maxime facere. Nihil consequatur rerum optio distinctio iste consequatur rerum.', 379, 8, 22, '2020-11-29 07:13:39', '2020-11-29 07:13:39'),
(37, 'et', 'Nostrum sed dicta vel quae eos veritatis. Aliquam dolorum natus consequuntur dolor. Porro provident eaque ipsam nihil. Ea saepe id perferendis cumque.', 965, 5, 7, '2020-11-29 07:13:39', '2020-11-29 07:13:39'),
(38, 'ut', 'Cupiditate qui et incidunt. Autem eos ullam fugiat praesentium. Nisi ab facere quos provident corporis. Aut quia consectetur ut velit molestias.', 955, 8, 14, '2020-11-29 07:13:39', '2020-11-29 07:13:39'),
(39, 'omnis', 'Fugiat qui enim velit molestiae aut molestiae voluptas. Quibusdam dicta hic alias commodi sunt tempore tempora. Illo iure hic dolores maiores excepturi. Similique nam magnam ipsum delectus eaque et.', 581, 0, 20, '2020-11-29 07:13:39', '2020-11-29 07:13:39'),
(40, 'quos', 'Placeat quia accusantium quasi nostrum fuga aliquid. Qui non vel est incidunt dolores. Non debitis autem ipsa tenetur veritatis et.', 127, 6, 9, '2020-11-29 07:13:39', '2020-11-29 07:13:39'),
(41, 'illo', 'Sed est ullam corrupti dolorem tempora. Id ut tenetur aut magnam pariatur culpa delectus sed. Optio aliquid in aut qui pariatur quas. Et officiis corrupti maiores distinctio possimus et rerum.', 419, 2, 14, '2020-11-29 07:13:39', '2020-11-29 07:13:39'),
(42, 'pariatur', 'Quis voluptate numquam sint sint nobis perspiciatis aliquid. Voluptas sed distinctio autem quidem et dolorem. Dicta eius voluptatem velit soluta quas.', 561, 9, 23, '2020-11-29 07:13:39', '2020-11-29 07:13:39'),
(43, 'quas', 'Est tempora est architecto cupiditate. Esse aperiam quidem nihil autem minima non omnis. Quia autem aperiam minima et. Rerum corrupti veritatis dolorem consequuntur. Ut voluptatum corporis libero est blanditiis harum.', 335, 3, 5, '2020-11-29 07:13:39', '2020-11-29 07:13:39'),
(44, 'architecto', 'Tempore assumenda saepe et quasi quia natus reprehenderit. Nam at deserunt voluptas fugiat magnam eius aut. Est maiores distinctio est eum ab vitae non. Quae perspiciatis rerum facere dolorum.', 910, 9, 6, '2020-11-29 07:13:39', '2020-11-29 07:13:39'),
(45, 'doloribus', 'Quidem quo vel ipsam atque culpa ipsa. Sunt odio quae qui quo error molestiae aspernatur vero. Consectetur placeat rerum officiis doloremque. Voluptates consequatur explicabo inventore at.', 895, 7, 6, '2020-11-29 07:13:39', '2020-11-29 07:13:39'),
(46, 'ea', 'Qui alias dolor exercitationem placeat occaecati. Eos blanditiis voluptate inventore illo sed enim. Velit sed modi est molestias doloribus soluta aliquam.', 936, 1, 15, '2020-11-29 07:13:39', '2020-11-29 07:13:39'),
(47, 'voluptas', 'Saepe est rerum atque. Aliquam quisquam ea sunt adipisci. Iure laboriosam nisi tenetur. Laudantium nam dolore magni consequatur culpa animi occaecati vel.', 757, 5, 28, '2020-11-29 07:13:39', '2020-11-29 07:13:39'),
(48, 'eligendi', 'Officia provident sit et sit ut tenetur nulla. Tempora nihil praesentium et laborum. Ab maxime et voluptates eius. Magni id dolorum non omnis tenetur delectus saepe.', 610, 7, 21, '2020-11-29 07:13:39', '2020-11-29 07:13:39'),
(49, 'quibusdam', 'Aliquid eos quis ut assumenda et. Ipsam sequi maiores voluptatibus dolorum enim. Sit occaecati porro architecto nam quas. Beatae beatae placeat et ipsa quos libero sed mollitia. Ipsum itaque vel sequi impedit eum.', 729, 9, 14, '2020-11-29 07:13:39', '2020-11-29 07:13:39'),
(50, 'est', 'Et cum rerum minima consequatur perspiciatis at atque. Ratione sit rerum non sit et. Velit id nobis et magni et modi.', 799, 4, 15, '2020-11-29 07:13:39', '2020-11-29 07:13:39');

-- --------------------------------------------------------

--
-- Table structure for table `reviews`
--

CREATE TABLE `reviews` (
  `id` bigint(20) UNSIGNED NOT NULL,
  `product_id` int(11) NOT NULL,
  `customer` varchar(191) COLLATE utf8mb4_unicode_ci NOT NULL,
  `review` text COLLATE utf8mb4_unicode_ci NOT NULL,
  `star` double NOT NULL,
  `created_at` timestamp NULL DEFAULT NULL,
  `updated_at` timestamp NULL DEFAULT NULL
) ENGINE=InnoDB DEFAULT CHARSET=utf8mb4 COLLATE=utf8mb4_unicode_ci;

--
-- Dumping data for table `reviews`
--

INSERT INTO `reviews` (`id`, `product_id`, `customer`, `review`, `star`, `created_at`, `updated_at`) VALUES
(1, 9, 'Itzel Beer', 'Exercitationem explicabo itaque sit quaerat magni ea. Consequatur repudiandae dolorem impedit reprehenderit. Esse ab doloremque hic porro quasi illo sed. Ea velit in aut impedit placeat cumque et.', 0, '2020-11-29 07:13:43', '2020-11-29 07:13:43'),
(2, 45, 'Prof. Khalil Schneider', 'Illum labore dolores suscipit ut quaerat libero est. Sed accusamus veniam nostrum est mollitia perferendis provident. Aperiam dicta dolore sed numquam. Voluptates inventore dolores maxime exercitationem earum modi quod.', 0, '2020-11-29 07:13:43', '2020-11-29 07:13:43'),
(3, 21, 'Ms. Loren Sauer I', 'Et atque porro est non sint dolores incidunt tempore. Quisquam voluptatum quibusdam quia aut qui et minima. Omnis culpa vitae dolorem ad. Dolorem incidunt aspernatur consequatur magnam.', 3, '2020-11-29 07:13:43', '2020-11-29 07:13:43'),
(4, 22, 'Yadira Morar', 'Totam et reiciendis aut quo sit sit. Dolorem nostrum dolorem architecto et molestias deserunt. Commodi quam fugit ex omnis blanditiis.', 2, '2020-11-29 07:13:43', '2020-11-29 07:13:43'),
(5, 50, 'Dr. Amber Stanton I', 'Atque aut laboriosam in velit doloribus quae eum. Et soluta a atque nisi accusamus itaque assumenda. Nobis quasi totam facere rerum quia vel quo. Sed eos et commodi vel sit aut quasi.', 5, '2020-11-29 07:13:44', '2020-11-29 07:13:44'),
(6, 5, 'Devan Douglas', 'Eaque dignissimos et illo dolor vel commodi. Quisquam debitis possimus sequi nemo blanditiis autem. Non ipsum corporis itaque ut eaque modi quia. Qui dolorum iusto distinctio cupiditate.', 4, '2020-11-29 07:13:44', '2020-11-29 07:13:44'),
(7, 27, 'Mabel Stehr', 'Qui tempora at ut beatae asperiores iusto aut. Occaecati et impedit sit repudiandae. Quasi eaque iste alias in molestiae. Quia laborum est ipsam excepturi molestiae.', 5, '2020-11-29 07:13:44', '2020-11-29 07:13:44'),
(8, 6, 'Una Wisozk', 'Sit nobis et quae laborum officiis. Et aperiam totam aliquam quisquam dignissimos soluta. Molestias facere ad et iusto fugit ad et. Aut laboriosam animi voluptates esse.', 5, '2020-11-29 07:13:44', '2020-11-29 07:13:44'),
(9, 43, 'Earl Daniel', 'Repellendus nemo blanditiis amet vero tempore praesentium. Sint aspernatur iusto facilis. Tenetur quaerat aut cupiditate et tenetur et. Corrupti consequatur architecto molestiae ut quo tempore.', 5, '2020-11-29 07:13:44', '2020-11-29 07:13:44'),
(10, 17, 'Kyleigh Schowalter', 'Sit illo saepe perferendis nostrum. Aut et consequatur voluptas aut.', 3, '2020-11-29 07:13:44', '2020-11-29 07:13:44'),
(11, 28, 'Dr. Gay Turner', 'Doloremque doloremque iusto soluta mollitia. Provident tenetur molestiae quod. Harum aut aut voluptas dolor soluta nemo nihil. Asperiores voluptatem recusandae inventore recusandae.', 3, '2020-11-29 07:13:44', '2020-11-29 07:13:44'),
(12, 20, 'Jessyca Stark', 'Quas distinctio soluta voluptas pariatur soluta placeat iure praesentium. Et atque non in omnis harum soluta temporibus eveniet. In eius voluptatem provident ab praesentium tempora impedit. Voluptatem ut provident a at distinctio quod ducimus.', 2, '2020-11-29 07:13:44', '2020-11-29 07:13:44'),
(13, 49, 'Josephine Schmeler', 'Sit dolores voluptas iure non aliquam. Consequatur accusamus maxime ipsa perspiciatis molestias. Ipsam laudantium consequuntur molestias odio corporis voluptatum voluptas.', 2, '2020-11-29 07:13:44', '2020-11-29 07:13:44'),
(14, 22, 'Rahul Cassin', 'Magnam accusantium voluptas est eveniet necessitatibus ut ad rerum. Quibusdam quod voluptate nisi eos est qui. Delectus sint eos ea dolore repellendus.', 2, '2020-11-29 07:13:44', '2020-11-29 07:13:44'),
(15, 30, 'Susan Bosco DVM', 'Quam autem vel quis rerum non vitae quas. Natus ab aut pariatur eos omnis provident magnam. Quia temporibus ea nobis voluptatem ipsum.', 0, '2020-11-29 07:13:44', '2020-11-29 07:13:44'),
(16, 38, 'Presley Jaskolski', 'Et facere sed fugiat est. Corrupti autem est repellat nihil. Qui ullam provident ipsum rerum eum. Nihil minus non molestias sunt molestiae voluptas tempora.', 5, '2020-11-29 07:13:44', '2020-11-29 07:13:44'),
(17, 34, 'Elvera Bartoletti', 'Quos illo eum nobis officia ea exercitationem voluptates aperiam. Provident asperiores qui et minus excepturi aliquam. Debitis eaque laboriosam fugiat autem non. Delectus sint inventore earum maiores ut modi consectetur.', 0, '2020-11-29 07:13:44', '2020-11-29 07:13:44'),
(18, 47, 'Tod Turner', 'Ea accusantium unde sed fugiat necessitatibus ab. Ex soluta omnis eveniet a. Dignissimos fuga ipsa debitis asperiores iure atque. Quasi vel laborum nihil molestias.', 2, '2020-11-29 07:13:44', '2020-11-29 07:13:44'),
(19, 38, 'Kendall Murray', 'Quis rerum qui natus. Voluptates corrupti ut vitae animi rem odio. Facilis eius natus suscipit tempore. Assumenda mollitia a natus odit aut.', 4, '2020-11-29 07:13:44', '2020-11-29 07:13:44'),
(20, 1, 'Ernest Witting', 'Quibusdam officiis occaecati natus porro. Atque aperiam animi voluptatem quis. Quia voluptatem qui iste adipisci explicabo cum. Architecto sit deserunt libero consequuntur.', 1, '2020-11-29 07:13:44', '2020-11-29 07:13:44'),
(21, 45, 'Ward Stamm', 'Ut et sed sed iste et. Ex necessitatibus occaecati neque praesentium tempora. Cum voluptas deleniti quaerat explicabo velit. In consectetur commodi expedita officiis qui soluta ut. Quia explicabo et aut est nam est dolor sit.', 3, '2020-11-29 07:13:45', '2020-11-29 07:13:45'),
(22, 31, 'Rosalind Baumbach', 'Est sed ex reprehenderit ipsam asperiores nihil. Ad vero voluptates eveniet perferendis quaerat beatae facere. Consequatur ipsam hic eveniet omnis natus qui placeat eos.', 1, '2020-11-29 07:13:45', '2020-11-29 07:13:45'),
(23, 9, 'Emelia Abshire', 'Quos laboriosam quis ipsam quis omnis. Et tempora quod eum. In illo sit voluptatum omnis. Eos labore ea nostrum qui at dignissimos tenetur.', 3, '2020-11-29 07:13:45', '2020-11-29 07:13:45'),
(24, 32, 'Madaline Nolan', 'Reprehenderit est veritatis deleniti. Quos quia aut exercitationem animi quidem sunt voluptates repellendus. Laudantium autem alias aut incidunt.', 3, '2020-11-29 07:13:45', '2020-11-29 07:13:45'),
(25, 36, 'Aurelio Hickle I', 'Accusantium illo perspiciatis enim consectetur porro dolorem. Esse rerum vero qui aut. Omnis ad voluptate tempore et vel blanditiis. Quisquam velit maxime doloribus officia eaque et eius.', 5, '2020-11-29 07:13:45', '2020-11-29 07:13:45'),
(26, 33, 'Jerry Bartell', 'Vel distinctio ea consequuntur similique sint impedit similique. Ut quaerat consequuntur iusto qui incidunt sit praesentium aspernatur. Debitis nulla repudiandae veritatis architecto. Officia reiciendis magnam possimus magni alias officia tenetur. Rerum ea est aperiam voluptates.', 3, '2020-11-29 07:13:45', '2020-11-29 07:13:45'),
(27, 39, 'Jaren Walsh', 'Error beatae unde repellat quidem. Iure nisi ut assumenda ut. Veritatis ut et optio omnis natus error voluptas. Fugiat nesciunt eveniet corrupti necessitatibus sed.', 3, '2020-11-29 07:13:45', '2020-11-29 07:13:45'),
(28, 32, 'Prof. Conor Lebsack', 'Rerum dolor minima aut saepe dolore labore expedita. Dolor quasi animi id. Quae sit minima culpa ullam sit quas.', 1, '2020-11-29 07:13:45', '2020-11-29 07:13:45'),
(29, 33, 'Dr. Dianna Wisozk', 'Adipisci quia vel autem eaque aut voluptatem magnam fugit. Tempora aliquid eum id laudantium unde harum occaecati accusamus. In id et inventore possimus quas. Et ipsum impedit adipisci nobis eum vel velit dolorum.', 1, '2020-11-29 07:13:45', '2020-11-29 07:13:45'),
(30, 12, 'Jordon Paucek I', 'Blanditiis accusamus fugit dolorum quibusdam autem. Nesciunt in rem dicta qui voluptas. Ipsum ratione dolorem reiciendis atque quia hic dolore. Inventore quae magnam numquam modi est aspernatur similique.', 5, '2020-11-29 07:13:45', '2020-11-29 07:13:45'),
(31, 23, 'Kayley Runte', 'Eveniet quam porro tenetur sunt eos asperiores. Et quia quis et ab vero aut. Qui at voluptas odio in.', 4, '2020-11-29 07:13:45', '2020-11-29 07:13:45'),
(32, 24, 'Antonetta Cormier', 'Fuga veniam corporis dolorem itaque quia consequatur quisquam. Nulla doloribus eos aut aut illum.', 0, '2020-11-29 07:13:45', '2020-11-29 07:13:45'),
(33, 47, 'Mr. Louvenia Gislason', 'Asperiores atque nisi repellendus voluptate vel est voluptatem. Est ipsam voluptatibus eum aliquam. Iusto minima et quos animi.', 2, '2020-11-29 07:13:45', '2020-11-29 07:13:45'),
(34, 44, 'Prof. Albertha Hickle II', 'Molestias a animi enim blanditiis sapiente delectus molestias. Expedita qui ut corrupti rem doloribus. Facilis id ad rerum et.', 1, '2020-11-29 07:13:45', '2020-11-29 07:13:45'),
(35, 46, 'Flossie Eichmann', 'Fugiat repellendus illo est delectus. Esse et est eaque et recusandae minima. Aut qui commodi aperiam quae. Est temporibus similique in accusamus et quis ad. Enim consequatur est veniam aut.', 3, '2020-11-29 07:13:45', '2020-11-29 07:13:45'),
(36, 29, 'Mrs. Molly Ziemann Sr.', 'Velit eum rerum magni illo ut aut. Porro dolorem quia facere et. Non beatae inventore debitis eligendi vero mollitia. Rerum corporis sed exercitationem quaerat error sed quo.', 1, '2020-11-29 07:13:45', '2020-11-29 07:13:45'),
(37, 50, 'Rasheed Cole', 'Magni iusto minima rerum eligendi voluptatem distinctio est. Est cupiditate sunt quae officiis aut porro. Iste vitae repellendus soluta sunt rerum quod. Est molestiae inventore occaecati.', 2, '2020-11-29 07:13:45', '2020-11-29 07:13:45'),
(38, 31, 'Hillary Hane DDS', 'Tempora consequatur inventore rerum illum. Dolores ea ipsum provident. Autem voluptate dolorem eum dolorum dolores. Aliquid enim ut aut est cum sequi porro.', 0, '2020-11-29 07:13:46', '2020-11-29 07:13:46'),
(39, 49, 'Estell Schulist', 'Aut quisquam est aut in itaque eveniet. Necessitatibus et saepe occaecati quibusdam maxime inventore fugiat. Dolore quia illo molestiae omnis. Perspiciatis blanditiis officia sed earum qui ipsam.', 4, '2020-11-29 07:13:46', '2020-11-29 07:13:46'),
(40, 38, 'Miss Tina Wilderman Jr.', 'Reiciendis ipsam praesentium maiores corporis. Earum eveniet ut ducimus sed quisquam. Sunt officiis soluta rerum vel aut ea iste enim.', 3, '2020-11-29 07:13:46', '2020-11-29 07:13:46'),
(41, 36, 'Hershel Gulgowski', 'Ab quidem nihil ut odit provident temporibus. Voluptatem dolorem est est sunt iure facere soluta facere.', 5, '2020-11-29 07:13:46', '2020-11-29 07:13:46'),
(42, 21, 'Dr. Sierra Simonis', 'Dolorum ut voluptate necessitatibus enim minima. Quam sed consequatur exercitationem autem dolor. Odio magnam illum blanditiis nisi.', 5, '2020-11-29 07:13:46', '2020-11-29 07:13:46'),
(43, 43, 'Damion Christiansen', 'Consequatur at ab debitis enim ea. Et est ratione culpa beatae id cum fugiat. Aliquid odit est ullam enim minus. Est et quia sunt architecto.', 5, '2020-11-29 07:13:46', '2020-11-29 07:13:46'),
(44, 43, 'Hailey Cormier', 'Velit dolorum assumenda saepe pariatur rem. Necessitatibus sint et voluptas voluptas dignissimos enim.', 5, '2020-11-29 07:13:46', '2020-11-29 07:13:46'),
(45, 28, 'Heather Shields', 'Occaecati vitae provident quae quam aut distinctio. Eos reprehenderit officia temporibus est autem. Sit modi enim ut qui quia fugiat autem repellat. Quia numquam quia in.', 4, '2020-11-29 07:13:46', '2020-11-29 07:13:46'),
(46, 7, 'Tiara Lubowitz I', 'Dolorem quidem explicabo officia voluptatem minima. Aut consequuntur et sint voluptate maxime ipsum. Occaecati aut eveniet pariatur distinctio ullam. Vel eius sint laboriosam officia molestiae et.', 2, '2020-11-29 07:13:46', '2020-11-29 07:13:46'),
(47, 15, 'Kayley Von MD', 'Et enim aut illum eveniet qui eveniet. Est autem perferendis velit quas. Quo hic suscipit voluptatum voluptatem ea sit. Minus officiis rerum nihil dolores sed deserunt ratione.', 1, '2020-11-29 07:13:46', '2020-11-29 07:13:46'),
(48, 11, 'Reba Kerluke', 'Laudantium perspiciatis quis deserunt. Eos laborum ab vero tempora id impedit velit. Deleniti non aperiam nihil quo sint ad maxime.', 5, '2020-11-29 07:13:46', '2020-11-29 07:13:46'),
(49, 31, 'Julio Morar', 'Culpa atque id veritatis. Sapiente deserunt vel ad iste temporibus dolorem. Deleniti dolore commodi ut aliquam quod suscipit. Neque reiciendis deserunt et nisi temporibus esse fugiat.', 4, '2020-11-29 07:13:46', '2020-11-29 07:13:46'),
(50, 3, 'Dr. Mathilde Wilkinson PhD', 'Beatae dolorem perferendis explicabo. Id sed ut sunt totam voluptates laboriosam totam. Reprehenderit sit quia doloribus quas ut maxime.', 1, '2020-11-29 07:13:46', '2020-11-29 07:13:46'),
(51, 3, 'Alexzander Hudson', 'Odit architecto et sed est ad eos. Molestias qui qui iure quod. Quia animi et doloribus quos exercitationem possimus et. Ex qui quibusdam quia qui iure et.', 0, '2020-11-29 07:13:46', '2020-11-29 07:13:46'),
(52, 22, 'Dr. Otis Boehm PhD', 'Ut labore id qui debitis. Id aut porro a repellat tempore tempore. Necessitatibus reprehenderit non et sit eaque est et laudantium.', 5, '2020-11-29 07:13:46', '2020-11-29 07:13:46'),
(53, 24, 'Miss Daphnee Robel DVM', 'Consequatur iste reiciendis itaque doloribus consequatur. Quis eos omnis accusamus fuga quia expedita sint. Est est dolore nam fugit excepturi sit. Aut et et excepturi qui qui repellendus suscipit.', 0, '2020-11-29 07:13:46', '2020-11-29 07:13:46'),
(54, 15, 'Mr. Larry Nicolas II', 'Quaerat et enim natus laboriosam perferendis. Magni ut nam id reiciendis omnis. Eos in voluptatem aspernatur. Odio minima a fugit nulla et.', 2, '2020-11-29 07:13:46', '2020-11-29 07:13:46'),
(55, 34, 'Ms. Beaulah Lemke', 'Adipisci officia eos voluptatem laudantium molestias earum consequatur et. Fuga aut cum natus aspernatur in error. Sunt voluptatum voluptatibus quia veritatis.', 4, '2020-11-29 07:13:46', '2020-11-29 07:13:46'),
(56, 33, 'Helmer Berge I', 'Similique natus libero ex quos. Quam totam illo qui debitis temporibus. Libero voluptas eum nulla consequatur quae aut blanditiis ut.', 0, '2020-11-29 07:13:46', '2020-11-29 07:13:46'),
(57, 44, 'Ms. Alysha Orn Jr.', 'Autem iure laborum aut voluptas enim. Nesciunt ipsum est sed quo non. Quidem in occaecati ab autem et tempore. Dolores ut rerum explicabo omnis. Distinctio reprehenderit debitis culpa ad quaerat nisi sed aut.', 1, '2020-11-29 07:13:47', '2020-11-29 07:13:47'),
(58, 17, 'Norbert Paucek', 'Ipsum quidem veritatis omnis rerum quibusdam et. Officiis beatae nihil consequuntur enim eos at ut. Est quibusdam et voluptatum sunt eum. Eos temporibus voluptatibus laudantium laborum.', 4, '2020-11-29 07:13:47', '2020-11-29 07:13:47'),
(59, 13, 'Dr. Lenna Satterfield PhD', 'Alias porro omnis voluptas in rerum. Magni ut saepe qui eum vitae iure. Molestias fuga quia occaecati eum eos asperiores delectus. Quas tenetur sit laudantium tenetur tenetur veniam. Corrupti velit incidunt ut est molestiae tenetur.', 0, '2020-11-29 07:13:47', '2020-11-29 07:13:47'),
(60, 33, 'Juston Crona III', 'Eum ut quo et laborum iure autem ipsum. Eligendi voluptatem et sunt et et. Cum temporibus totam quo est. Aliquid velit commodi velit non voluptatem fuga quam. Non qui consectetur velit.', 4, '2020-11-29 07:13:47', '2020-11-29 07:13:47'),
(61, 16, 'Ms. Delores Streich', 'Vero eius dignissimos enim eos est. Aut reiciendis tempora est repellat labore. Ad qui enim quia est quaerat esse autem. Sunt rem quidem aut a quaerat.', 3, '2020-11-29 07:13:47', '2020-11-29 07:13:47'),
(62, 15, 'Makenna McDermott', 'Minus at blanditiis ea doloribus. Ut voluptatum molestias reiciendis maxime. Alias illo quia quas magni doloremque necessitatibus qui.', 2, '2020-11-29 07:13:47', '2020-11-29 07:13:47'),
(63, 36, 'Rhoda Hermiston', 'Rerum iste dolores architecto eum. Debitis et officiis ut accusamus et et. Aut ducimus nesciunt similique eum sint non quia.', 2, '2020-11-29 07:13:47', '2020-11-29 07:13:47'),
(64, 18, 'Gertrude Pollich', 'Ex cum in eaque dolores qui non reiciendis eos. Aut labore odit repudiandae molestias at ullam quisquam. Eum veniam voluptas consequatur qui perspiciatis repudiandae quibusdam ea. Quo voluptatem quaerat dolores repellendus in rerum quaerat.', 2, '2020-11-29 07:13:47', '2020-11-29 07:13:47'),
(65, 2, 'Dahlia Maggio', 'Quos sed odit vel commodi provident adipisci. Enim rem omnis non quo eaque consectetur. Adipisci quia nihil quaerat cum quod harum. Sunt facilis natus aut maiores eligendi dolor sequi.', 4, '2020-11-29 07:13:47', '2020-11-29 07:13:47'),
(66, 6, 'Mack Harris PhD', 'Quia sint fugit voluptas officia. Reprehenderit id molestias cum in qui. Qui doloremque laboriosam voluptas voluptas et eos. Modi expedita voluptas assumenda iusto molestias.', 1, '2020-11-29 07:13:47', '2020-11-29 07:13:47'),
(67, 10, 'Mr. Dino Hayes', 'Quidem sunt ipsum quia ratione tenetur velit. Dolor et ut deserunt. Repudiandae laborum ex itaque temporibus aut eveniet inventore.', 1, '2020-11-29 07:13:47', '2020-11-29 07:13:47'),
(68, 45, 'Kirsten Schmeler', 'Qui odit sunt deleniti et eius et. Perferendis qui aut iure sint pariatur. Esse at voluptas et illo sapiente. Deserunt hic et ipsam illo.', 5, '2020-11-29 07:13:47', '2020-11-29 07:13:47'),
(69, 41, 'Quentin Stamm', 'Vel repudiandae eos voluptatum exercitationem. Rerum voluptatibus omnis quibusdam voluptas accusantium. Veniam non sunt voluptas suscipit. Consequatur odio debitis doloribus sunt consequatur sint.', 1, '2020-11-29 07:13:47', '2020-11-29 07:13:47'),
(70, 33, 'Valentine Jast', 'Error odit ut fugit soluta ut est cupiditate. Saepe rerum voluptas facilis corrupti rem laborum. Eligendi ut vero optio nihil. Praesentium aut magni voluptatem fugit id cumque quis. Vel doloremque quas a.', 0, '2020-11-29 07:13:47', '2020-11-29 07:13:47'),
(71, 8, 'Hettie Emmerich', 'Est facilis quo fugiat enim minima unde similique. Harum id nam dolore eaque. Sed distinctio eum sed magni error consectetur eum.', 5, '2020-11-29 07:13:47', '2020-11-29 07:13:47'),
(72, 35, 'Kevin Cronin', 'Ipsa beatae atque assumenda et quasi mollitia tempora. Veniam rerum voluptatum quia ducimus eligendi minus nemo. Sint sunt aspernatur ducimus enim illo enim. Adipisci amet eveniet quia necessitatibus sunt explicabo fuga. Error exercitationem praesentium dolorum non optio assumenda.', 1, '2020-11-29 07:13:47', '2020-11-29 07:13:47'),
(73, 5, 'Neil Rosenbaum', 'Quisquam labore omnis laudantium eos. Officiis animi et aut necessitatibus voluptatum quia animi. Repellat delectus aut ut sit ipsa. Laborum et ut ipsam nemo ut reprehenderit omnis sit.', 3, '2020-11-29 07:13:47', '2020-11-29 07:13:47'),
(74, 28, 'Dr. Leora Krajcik III', 'Est sunt nostrum doloribus eveniet consequuntur assumenda. Cumque dolore ullam libero. At molestias occaecati repellendus quia.', 3, '2020-11-29 07:13:47', '2020-11-29 07:13:47'),
(75, 11, 'Miss Zella Howe I', 'Deserunt et esse aliquam ducimus sapiente. Magni quaerat voluptatum unde velit quod ut eum. Quia at adipisci occaecati et fugiat accusamus.', 4, '2020-11-29 07:13:48', '2020-11-29 07:13:48'),
(76, 7, 'Dr. Leta Jakubowski', 'Eum quia qui rerum. Voluptas numquam voluptate sunt iusto voluptates. Quo ea facere commodi et non.', 1, '2020-11-29 07:13:48', '2020-11-29 07:13:48'),
(77, 12, 'Hailey Cartwright', 'Alias tempora perspiciatis possimus. Ratione culpa aliquid doloremque nostrum. Iusto et vero consequatur aut.', 2, '2020-11-29 07:13:48', '2020-11-29 07:13:48'),
(78, 8, 'Neal McGlynn', 'Omnis facilis amet molestiae aperiam. Inventore odio eligendi maiores et quaerat doloremque aut.', 0, '2020-11-29 07:13:48', '2020-11-29 07:13:48'),
(79, 46, 'Thurman Torp', 'Deserunt alias ipsa sit accusamus quia. Pariatur sint similique recusandae nesciunt.', 1, '2020-11-29 07:13:48', '2020-11-29 07:13:48'),
(80, 26, 'Russ Ebert', 'Quod dolores sint sed pariatur quaerat veritatis cupiditate. Eos reiciendis in placeat assumenda. Non numquam consectetur distinctio aut voluptas.', 4, '2020-11-29 07:13:48', '2020-11-29 07:13:48'),
(81, 13, 'Ms. Kayla Rath', 'Quibusdam omnis necessitatibus et libero fugit quia sit. Vitae vel minima et alias voluptas. Accusantium similique est quasi eius molestiae. In odit itaque et necessitatibus. Eligendi repellendus recusandae sit laboriosam animi itaque ut officia.', 4, '2020-11-29 07:13:48', '2020-11-29 07:13:48'),
(82, 21, 'Aditya Halvorson', 'Consequuntur non necessitatibus deserunt veniam impedit. Nulla omnis nesciunt et et aut. Consequatur numquam sapiente nihil voluptas.', 4, '2020-11-29 07:13:48', '2020-11-29 07:13:48'),
(83, 28, 'Charles Huel Jr.', 'Non repellendus veritatis culpa similique ut laboriosam quis. Autem et modi iure architecto omnis et explicabo. Consectetur doloremque dolorem sit voluptates aut. Vel omnis enim quisquam iusto eum rerum dolorem.', 0, '2020-11-29 07:13:48', '2020-11-29 07:13:48'),
(84, 2, 'Vidal Wilderman PhD', 'Dicta numquam voluptates qui vel magni. Maiores voluptates cupiditate optio qui ratione sit. Accusamus sint eveniet suscipit. Optio veniam quia quod aut.', 1, '2020-11-29 07:13:48', '2020-11-29 07:13:48'),
(85, 6, 'Larry Goldner DDS', 'Quibusdam rerum reprehenderit et qui et earum. Aut minus et aut.', 3, '2020-11-29 07:13:48', '2020-11-29 07:13:48'),
(86, 14, 'Cameron Bosco', 'Aliquam eligendi non occaecati eveniet sit qui. Iure sed vero quo ea reiciendis. Blanditiis voluptatum voluptatem minima perspiciatis sit nulla. Autem deserunt tenetur et cupiditate et qui.', 3, '2020-11-29 07:13:48', '2020-11-29 07:13:48'),
(87, 14, 'Krystina Wintheiser DVM', 'Illo sint inventore possimus qui voluptas molestias nihil et. Harum dolor numquam dolor adipisci accusantium modi. Quis aut quis quasi.', 1, '2020-11-29 07:13:48', '2020-11-29 07:13:48'),
(88, 47, 'Alexandra Rippin', 'Qui optio ea totam illum asperiores. Harum voluptates porro doloribus est dolorem ut non. Similique nam vel aut est aut exercitationem. Aut est excepturi id ut doloribus aut nostrum.', 5, '2020-11-29 07:13:48', '2020-11-29 07:13:48'),
(89, 42, 'Brandy Stamm', 'Omnis sed nostrum molestiae. Nihil eos optio occaecati asperiores rem illo. Vel voluptate sed qui sunt corporis ut aut.', 0, '2020-11-29 07:13:48', '2020-11-29 07:13:48'),
(90, 44, 'Claudine Daugherty', 'Incidunt repellat nobis velit accusantium aut ducimus ullam veniam. Maiores aut quis voluptatem explicabo id nobis. Sed rem ut consequatur nihil voluptas.', 5, '2020-11-29 07:13:48', '2020-11-29 07:13:48'),
(91, 9, 'Camryn Braun', 'Officia dolores numquam asperiores impedit qui laborum. Fugiat est voluptate velit. Quibusdam sequi amet est nisi soluta nemo consequuntur. Non enim sed beatae sed sit iste. Qui fugiat dolor aliquid sed.', 2, '2020-11-29 07:13:48', '2020-11-29 07:13:48'),
(92, 26, 'Ubaldo Renner II', 'Sit totam delectus quibusdam fugit excepturi. Doloremque sed illo commodi veritatis.', 0, '2020-11-29 07:13:48', '2020-11-29 07:13:48'),
(93, 4, 'Keon Barrows', 'Qui accusamus enim ad necessitatibus nihil animi porro voluptates. Quia et esse adipisci ea et cum ut. Libero illo neque nesciunt beatae.', 5, '2020-11-29 07:13:48', '2020-11-29 07:13:48'),
(94, 11, 'Mr. Shaun Kuhlman PhD', 'Beatae in id in vero. Architecto et beatae ab animi accusantium saepe.', 4, '2020-11-29 07:13:48', '2020-11-29 07:13:48'),
(95, 10, 'Dr. Christian Baumbach', 'Voluptatem iure nihil dolorum eaque ut suscipit sunt. Tempora recusandae quisquam facilis fuga voluptas repellendus. Rerum omnis quisquam consequatur.', 1, '2020-11-29 07:13:49', '2020-11-29 07:13:49'),
(96, 46, 'Ethan Rice', 'Rerum libero aut sit quidem. Assumenda doloremque enim optio vel optio dolor iste magnam.', 1, '2020-11-29 07:13:49', '2020-11-29 07:13:49'),
(97, 28, 'Cordell Borer', 'Aut tempora consequatur est dolorem. Repellat at earum qui et. Qui amet fuga veniam. Est sunt magnam et iure.', 5, '2020-11-29 07:13:49', '2020-11-29 07:13:49'),
(98, 14, 'Mose Lowe', 'Dolorem eligendi reiciendis quidem illo. Saepe id veritatis non dolorum sed. Perferendis voluptate repellendus quia nemo voluptate debitis.', 0, '2020-11-29 07:13:49', '2020-11-29 07:13:49'),
(99, 43, 'Shemar Hilpert DDS', 'Dolore eos fugiat nisi tempora placeat. Deleniti iure modi error.', 2, '2020-11-29 07:13:49', '2020-11-29 07:13:49'),
(100, 29, 'Ryann Durgan PhD', 'Ut voluptate pariatur maxime distinctio voluptatem et molestiae. Omnis et voluptatem sit at tempore. Ut eos accusamus quas.', 4, '2020-11-29 07:13:49', '2020-11-29 07:13:49'),
(101, 3, 'Prof. Yazmin Medhurst', 'Qui aut assumenda officia nesciunt atque neque consequuntur. Quo quo aperiam aut voluptatem saepe. In in est occaecati est dolorum. Exercitationem at illum ut et nisi.', 0, '2020-11-29 07:13:49', '2020-11-29 07:13:49'),
(102, 33, 'Darrin Farrell', 'Nobis dolores quaerat velit non veritatis corporis autem. Non repellendus amet magnam quaerat qui commodi. Nostrum ullam dolorum et possimus deleniti est.', 0, '2020-11-29 07:13:49', '2020-11-29 07:13:49'),
(103, 28, 'Dorothea Thiel I', 'Voluptas dolore ut necessitatibus hic molestiae voluptatum. Et asperiores vitae totam tempore eum quibusdam eum. Reprehenderit expedita aperiam saepe corporis minima.', 1, '2020-11-29 07:13:49', '2020-11-29 07:13:49'),
(104, 27, 'Dr. Aiden Kshlerin MD', 'Nemo minus illum quo et earum neque. Ut molestiae distinctio corporis. Sit corporis doloremque consequuntur dolorem. Officia velit ut eos neque voluptates at.', 3, '2020-11-29 07:13:49', '2020-11-29 07:13:49'),
(105, 33, 'Laurence Mosciski DDS', 'Vel nihil sit asperiores. Repellendus possimus quibusdam distinctio sit officia quo dolor. Voluptas ad quidem perspiciatis. Consequatur at autem distinctio cumque aspernatur doloribus.', 5, '2020-11-29 07:13:49', '2020-11-29 07:13:49'),
(106, 50, 'Prof. Dejah Beier DDS', 'Neque molestiae eius voluptatem explicabo. Sit rem qui velit voluptatem omnis dolorem pariatur. Est impedit sit ut molestiae voluptatem unde.', 2, '2020-11-29 07:13:49', '2020-11-29 07:13:49'),
(107, 39, 'Justen Buckridge', 'Dolores accusamus cum rerum dolore fugiat sequi adipisci perferendis. Doloremque unde dolore ut sed laboriosam id eum. Velit corporis molestias tenetur itaque recusandae minus.', 0, '2020-11-29 07:13:49', '2020-11-29 07:13:49'),
(108, 30, 'Nedra Hane', 'Aut sit alias alias dicta. Inventore sed quia nemo. Laboriosam aut rerum quas nam nam sint. Non adipisci repellat incidunt et. Accusantium voluptates est dolores modi.', 2, '2020-11-29 07:13:49', '2020-11-29 07:13:49'),
(109, 16, 'Haven Auer Sr.', 'Magnam et hic temporibus est non recusandae. In sit reiciendis modi tempora dolorem saepe id. Sapiente corporis maiores soluta hic ut aliquam totam.', 5, '2020-11-29 07:13:49', '2020-11-29 07:13:49'),
(110, 19, 'Cordie Hamill', 'Provident ea hic rerum sapiente ipsum beatae ea. Sunt quis delectus et. Repudiandae iure et et architecto atque in. Voluptas magni reprehenderit cumque quidem aliquid alias.', 3, '2020-11-29 07:13:49', '2020-11-29 07:13:49'),
(111, 44, 'Linnea Mitchell', 'Libero quidem in quaerat sapiente. Vel est velit odio quia voluptatem blanditiis consectetur. Non aliquid dolores et quo aut. Perspiciatis cum amet sunt aut voluptatem in. Quibusdam occaecati repellendus illo sapiente sint facere iusto esse.', 0, '2020-11-29 07:13:49', '2020-11-29 07:13:49'),
(112, 24, 'Lawson Harber', 'Temporibus voluptatum autem soluta omnis. Qui qui quia accusantium. Non dolorem tenetur sed voluptates.', 2, '2020-11-29 07:13:49', '2020-11-29 07:13:49'),
(113, 20, 'Hannah Friesen', 'Aliquid illo delectus eligendi odio. Ut modi qui nesciunt voluptate. Velit fugiat vero quia voluptas omnis accusamus nobis.', 4, '2020-11-29 07:13:49', '2020-11-29 07:13:49'),
(114, 3, 'Prof. Merlin Schmidt II', 'Quae quas voluptatem sunt ducimus enim placeat. Sit voluptas natus libero ducimus nulla voluptatem. Itaque voluptatem quia ut aperiam asperiores incidunt qui architecto. Commodi voluptates blanditiis id animi voluptatem.', 3, '2020-11-29 07:13:49', '2020-11-29 07:13:49'),
(115, 31, 'Emmanuelle Terry Jr.', 'Amet similique esse unde quis porro sequi. Id assumenda eos quas vel delectus commodi. Consequatur a modi voluptatem saepe dolorum.', 3, '2020-11-29 07:13:49', '2020-11-29 07:13:49'),
(116, 13, 'Lacy Farrell', 'Eos iusto aut sint nisi placeat. Enim temporibus doloribus quae corporis ipsum molestiae. Quis voluptas aut non ipsa autem inventore.', 5, '2020-11-29 07:13:50', '2020-11-29 07:13:50'),
(117, 24, 'Dejah Hammes', 'Ipsum eum incidunt sit temporibus et. Est velit asperiores explicabo dolorem in ut cupiditate. Qui nesciunt nihil sapiente earum.', 2, '2020-11-29 07:13:50', '2020-11-29 07:13:50'),
(118, 12, 'Uriah Rowe', 'Doloremque voluptates sed ab reiciendis ea sapiente. Molestiae at unde est dolorem est quod. Illum quas ut consequatur nulla. Aliquid vero suscipit pariatur.', 5, '2020-11-29 07:13:50', '2020-11-29 07:13:50'),
(119, 11, 'Edmund Heathcote', 'Aut et et suscipit natus laudantium. Alias vitae quas in autem excepturi. Molestias molestias quia reprehenderit quia. Ducimus consectetur quasi amet neque.', 4, '2020-11-29 07:13:50', '2020-11-29 07:13:50'),
(120, 6, 'Adella Rippin', 'Est aliquid numquam aut quo. Quia consequatur unde corporis temporibus voluptatem modi cupiditate.', 5, '2020-11-29 07:13:50', '2020-11-29 07:13:50'),
(121, 34, 'Lukas Kemmer', 'Consequatur perspiciatis voluptates hic dolor quisquam doloribus. Et ea qui eum eveniet minus. Aut reiciendis a animi voluptate voluptatem accusantium. Consequatur quaerat est est delectus.', 1, '2020-11-29 07:13:50', '2020-11-29 07:13:50'),
(122, 12, 'Prof. Mekhi Parisian MD', 'Eaque ut mollitia nam et. Non quia velit nostrum quis. Nesciunt enim vel quo in. Libero aut et reprehenderit ipsam ipsum ut voluptatem consequuntur.', 4, '2020-11-29 07:13:50', '2020-11-29 07:13:50'),
(123, 31, 'Elenora Krajcik', 'Voluptates sed vitae architecto quam et cumque quisquam. Minima animi reprehenderit architecto necessitatibus illum tenetur ad. Consequatur corporis et sunt dolor nihil.', 5, '2020-11-29 07:13:50', '2020-11-29 07:13:50'),
(124, 28, 'Freida Hill', 'Sit autem esse sed. Laboriosam corporis voluptates laborum quis est. Itaque architecto unde delectus ad.', 0, '2020-11-29 07:13:50', '2020-11-29 07:13:50'),
(125, 36, 'Nickolas Bins', 'Maxime tenetur autem neque. Mollitia atque corrupti consequuntur rerum voluptas perspiciatis. Quis aut placeat eaque ex. Omnis atque voluptatem facere repellat sunt quia.', 5, '2020-11-29 07:13:50', '2020-11-29 07:13:50'),
(126, 4, 'Dr. Wendy Roberts', 'Nesciunt dignissimos est nisi voluptatem iusto. Accusamus accusamus reiciendis veniam sit. Deserunt saepe ipsam eum laborum quod at recusandae.', 2, '2020-11-29 07:13:50', '2020-11-29 07:13:50'),
(127, 24, 'Prof. Elias Mraz Sr.', 'Dolorum consequatur aut natus et minima. Magni dolorum sed molestias ut rerum. Voluptatum labore iste non modi dolores placeat. Voluptas rerum sapiente optio modi voluptatum nostrum.', 3, '2020-11-29 07:13:50', '2020-11-29 07:13:50'),
(128, 36, 'Jamal Glover', 'Aut iste consequatur autem eligendi quam dignissimos. Temporibus culpa inventore labore fugiat eveniet at dolorem. Voluptas sed velit laborum quia aliquam et. Sint doloribus rerum voluptatem officiis ut quibusdam mollitia.', 1, '2020-11-29 07:13:50', '2020-11-29 07:13:50'),
(129, 50, 'Dr. Mia Walsh PhD', 'Eligendi sint culpa voluptatem nulla. Totam qui molestiae aut consequatur. Doloribus labore laborum dolorem at animi.', 3, '2020-11-29 07:13:50', '2020-11-29 07:13:50'),
(130, 14, 'Ms. Reanna Lakin MD', 'Enim sint ipsam nostrum assumenda. Odit autem et voluptatem exercitationem repellendus ut sed. Neque nesciunt est quia ducimus.', 1, '2020-11-29 07:13:50', '2020-11-29 07:13:50'),
(131, 12, 'Colten Torp', 'Inventore totam laboriosam sed quam laborum accusamus. Quia eligendi molestias possimus officia. Consectetur ea quisquam dolorem odit vel dolores ut.', 1, '2020-11-29 07:13:50', '2020-11-29 07:13:50'),
(132, 49, 'Dr. Jewell Osinski', 'Assumenda commodi et reiciendis quia odit sint officiis provident. Tempora omnis necessitatibus autem maxime velit corporis.', 5, '2020-11-29 07:13:50', '2020-11-29 07:13:50'),
(133, 1, 'Josephine Terry', 'Repellat tempore et delectus culpa et quia. Fuga sed deleniti autem dicta. Porro alias voluptatem quibusdam eum modi.', 4, '2020-11-29 07:13:50', '2020-11-29 07:13:50'),
(134, 23, 'Eileen Torphy DDS', 'Laboriosam aut molestias aspernatur nesciunt amet eos in optio. Voluptatum quod et similique quaerat aut consequatur eligendi. Vero libero voluptatem nisi itaque. Unde nostrum qui magni animi deleniti voluptates recusandae.', 4, '2020-11-29 07:13:51', '2020-11-29 07:13:51'),
(135, 1, 'Mr. Quinten Crooks', 'Unde magnam praesentium sunt. Vel voluptatem quod cum et eum sunt iusto. Omnis sint porro perspiciatis asperiores molestiae. Expedita ut eos blanditiis consequatur harum numquam.', 5, '2020-11-29 07:13:51', '2020-11-29 07:13:51'),
(136, 41, 'Ofelia O\'Hara Sr.', 'Qui veritatis blanditiis tempore fuga et soluta eum. Tempora dolores atque delectus totam. Necessitatibus sed aut in illo qui quo ipsam error.', 0, '2020-11-29 07:13:51', '2020-11-29 07:13:51'),
(137, 6, 'Marielle Purdy', 'Dicta quia pariatur minima rerum et vero ea et. Ullam et quisquam aut fugit. Nostrum accusamus nesciunt autem et.', 2, '2020-11-29 07:13:51', '2020-11-29 07:13:51'),
(138, 47, 'Austyn Conn', 'Minima fugiat earum ad. Harum sint aspernatur et quas sint. Nihil dolorem perferendis excepturi.', 3, '2020-11-29 07:13:51', '2020-11-29 07:13:51'),
(139, 12, 'Daniela Jerde', 'Voluptatem quia dolor quibusdam. Temporibus debitis totam qui voluptas alias. Officia nam distinctio vel veritatis aliquid perspiciatis quis.', 1, '2020-11-29 07:13:51', '2020-11-29 07:13:51'),
(140, 45, 'Mr. Dorian Barrows DDS', 'Esse delectus ipsum laboriosam. Velit magnam laborum dolores. Voluptatem sint est in et aut et nihil.', 2, '2020-11-29 07:13:51', '2020-11-29 07:13:51'),
(141, 46, 'Burdette Schmitt', 'Non ad vel nobis quaerat dignissimos. Quod non dolorum soluta et blanditiis. Et beatae aliquid tenetur delectus.', 1, '2020-11-29 07:13:51', '2020-11-29 07:13:51'),
(142, 8, 'Bessie Steuber DDS', 'Modi est eum quisquam deserunt. Aliquid sit repudiandae quod mollitia illum. Accusamus nulla non autem molestias molestiae est qui.', 3, '2020-11-29 07:13:51', '2020-11-29 07:13:51'),
(143, 7, 'Derick Jaskolski Jr.', 'Repellat ex hic atque eaque odit tenetur. Est rerum voluptas rem nobis exercitationem. Est necessitatibus aliquam quo suscipit impedit.', 3, '2020-11-29 07:13:51', '2020-11-29 07:13:51'),
(144, 20, 'Marlee Hand', 'Deleniti est in et quae laborum at veritatis. Nostrum magnam id a id. Et velit animi consequatur praesentium. Molestiae aperiam aliquam illo accusantium doloribus voluptate rerum.', 0, '2020-11-29 07:13:51', '2020-11-29 07:13:51'),
(145, 25, 'Jeffrey Stokes', 'Ipsum tempore nemo eveniet excepturi. Eos est iure qui omnis qui. Vitae aliquam quam perspiciatis eaque dolor. Mollitia quidem quae laudantium eum.', 1, '2020-11-29 07:13:51', '2020-11-29 07:13:51'),
(146, 24, 'Dixie Prohaska', 'Perferendis aut doloremque a fuga quia aut. Voluptatem iusto aliquam qui rem est ullam delectus fuga. Ab voluptas et voluptatem. Cupiditate nulla dicta quis eos animi sed magni.', 5, '2020-11-29 07:13:51', '2020-11-29 07:13:51'),
(147, 37, 'Mrs. Maida Larkin', 'Molestiae optio nemo et cum pariatur sed non. Voluptate fugiat totam ipsam cupiditate libero dolores.', 3, '2020-11-29 07:13:51', '2020-11-29 07:13:51'),
(148, 18, 'Kristofer Sanford', 'Autem repudiandae aliquam quae non deleniti. A molestias corrupti autem dolor est eius. Dolores et odio autem voluptatem. Aspernatur omnis doloribus dolorem qui. Magnam et quia non dolorum non.', 2, '2020-11-29 07:13:51', '2020-11-29 07:13:51'),
(149, 35, 'Adeline Pouros Sr.', 'Voluptas quas et fugit ut quibusdam. Illo facilis inventore tenetur et. Cumque minima sed aut in repellendus tenetur molestiae porro.', 4, '2020-11-29 07:13:51', '2020-11-29 07:13:51'),
(150, 29, 'Velva Hegmann II', 'Rerum officia magni possimus expedita quae omnis vel. Veniam recusandae vitae earum quo quae. Autem eaque dolorem ut soluta qui neque architecto.', 3, '2020-11-29 07:13:51', '2020-11-29 07:13:51'),
(151, 30, 'Ms. Cindy Towne', 'Sed tenetur ut commodi ut. Eligendi repellendus accusamus voluptates debitis. Ex vero assumenda laboriosam omnis in. Aperiam autem architecto fuga expedita fuga ut sint nihil.', 4, '2020-11-29 07:13:52', '2020-11-29 07:13:52'),
(152, 47, 'Daisha Boyer IV', 'Quo nesciunt et voluptas aut quaerat veritatis. Impedit saepe ut perferendis ut dolor quam dolores sed. In consectetur ipsa aut perspiciatis inventore.', 5, '2020-11-29 07:13:52', '2020-11-29 07:13:52'),
(153, 10, 'Mrs. Janice Buckridge', 'Velit fugit odit quia iure id. Sunt ut consequuntur autem temporibus vel ullam aut. Explicabo dolorum quod eum quis eos.', 4, '2020-11-29 07:13:52', '2020-11-29 07:13:52'),
(154, 1, 'Kelsie Kohler MD', 'Voluptatem a quia sed sapiente nihil. Sint repellat placeat minima quibusdam omnis et dolores exercitationem. Beatae ut officia dolore est ut. Tenetur eius vel omnis et veritatis.', 5, '2020-11-29 07:13:52', '2020-11-29 07:13:52'),
(155, 39, 'Josie Crona', 'Eveniet laborum dolor eius quia. Repellat ea repellendus vel dolorem ipsum eos necessitatibus. Deserunt aut enim natus quasi consequatur iure.', 2, '2020-11-29 07:13:52', '2020-11-29 07:13:52'),
(156, 32, 'Josefa Ziemann', 'Ipsa iste perferendis odio blanditiis similique explicabo. Reprehenderit harum id temporibus exercitationem distinctio. Eveniet sequi architecto ipsam et et et. Est harum omnis laudantium ut dolorem et quaerat.', 5, '2020-11-29 07:13:52', '2020-11-29 07:13:52'),
(157, 44, 'Mackenzie Koepp', 'Nihil nam nam similique fugit ratione quia corporis quia. Rerum nesciunt voluptatem blanditiis earum. Autem fuga est blanditiis nihil. Quibusdam nemo dignissimos cumque et ex ipsum voluptas accusantium.', 3, '2020-11-29 07:13:52', '2020-11-29 07:13:52'),
(158, 48, 'Foster Lebsack', 'Rerum error qui sed autem. Atque asperiores consequatur vitae quia. Consectetur perferendis ad quaerat odio iusto. Ratione voluptates dolor totam labore molestias iusto non facilis.', 2, '2020-11-29 07:13:52', '2020-11-29 07:13:52'),
(159, 46, 'Isabell McLaughlin', 'Distinctio quisquam asperiores molestiae ea nisi deserunt. Aut odit qui et ratione quia quam consequuntur. Ipsum voluptatem eum id iure nam impedit.', 1, '2020-11-29 07:13:52', '2020-11-29 07:13:52'),
(160, 2, 'Deron Kulas', 'Nesciunt ut consequatur aliquam consequatur repellendus corporis et. Consequatur omnis ut eveniet dolorem repellat voluptates magnam numquam. Ut qui consectetur rerum eligendi libero. Numquam dolore eos iste ea a est.', 5, '2020-11-29 07:13:52', '2020-11-29 07:13:52'),
(161, 40, 'Mr. Royal Stark', 'Quaerat facere est quo a. Aliquam qui quasi vero corrupti dolores. Minima quo provident omnis autem possimus harum eos. Velit sit qui omnis minima.', 2, '2020-11-29 07:13:52', '2020-11-29 07:13:52'),
(162, 49, 'Mr. Hilton Torphy', 'Excepturi rerum consequatur sapiente explicabo dolorem perferendis. Quasi aut quam voluptatibus est quod et. Recusandae molestias aliquid officia doloribus beatae.', 1, '2020-11-29 07:13:52', '2020-11-29 07:13:52'),
(163, 42, 'Larissa Hayes', 'Voluptatum reiciendis hic et aspernatur earum. Optio labore voluptas qui iste vel.', 4, '2020-11-29 07:13:52', '2020-11-29 07:13:52'),
(164, 40, 'Eleanora Kshlerin', 'Aliquid autem laudantium recusandae architecto et molestias. Vel sunt quia quia ratione est qui. Ab tenetur cum eos ut fuga expedita ea. Veritatis velit quo non.', 2, '2020-11-29 07:13:52', '2020-11-29 07:13:52'),
(165, 11, 'Jordan Mraz', 'Ducimus qui dolorem et placeat iste autem. Hic quod voluptatibus nihil qui adipisci hic natus. Veniam perferendis ut fugiat ipsum. Aut rerum molestiae modi vel odio. Est fugit similique unde ullam eius rerum et.', 4, '2020-11-29 07:13:52', '2020-11-29 07:13:52'),
(166, 18, 'Dr. Casper Mohr V', 'Optio quia aut sit culpa. Laboriosam commodi in dolor veniam recusandae porro laborum. Recusandae dolor voluptatem officia quis reiciendis.', 0, '2020-11-29 07:13:53', '2020-11-29 07:13:53'),
(167, 38, 'Dr. Kimberly Pacocha Jr.', 'Est et illo eum modi. Quae nihil totam reprehenderit id et aspernatur. Voluptatem iusto doloribus atque pariatur corporis quisquam. Omnis quisquam eaque minima et laboriosam dolor et. At dolores nihil quae velit sequi placeat illo.', 1, '2020-11-29 07:13:53', '2020-11-29 07:13:53'),
(168, 36, 'Monserrat Upton', 'Animi tempora accusantium similique facilis dolores. Veritatis enim ut est dolores. Rerum sit natus doloremque officia.', 4, '2020-11-29 07:13:53', '2020-11-29 07:13:53'),
(169, 39, 'Sanford Rath', 'Illum incidunt quo eveniet rerum eius. Id id nihil ut sit et eligendi omnis. Illo eos ab vitae temporibus quasi.', 4, '2020-11-29 07:13:53', '2020-11-29 07:13:53'),
(170, 23, 'Erik Gerlach', 'At accusamus quia in deserunt soluta. Quibusdam omnis veritatis omnis voluptatum non. Magni eaque non et molestias debitis voluptatem nostrum. Ducimus harum soluta et non voluptas. Libero expedita earum facere iste cumque qui.', 0, '2020-11-29 07:13:53', '2020-11-29 07:13:53'),
(171, 36, 'Prof. Broderick Donnelly', 'Voluptate ducimus voluptas illum amet qui quis. Sunt et deleniti expedita natus odio. Quibusdam sapiente dicta quasi asperiores sapiente ut. Fugiat dignissimos fugiat dolore et quo eaque vero.', 2, '2020-11-29 07:13:53', '2020-11-29 07:13:53'),
(172, 31, 'Bruce Swaniawski', 'Ut autem soluta ut dolore et atque. Voluptatem aperiam aut nostrum ratione deserunt repellendus. Amet voluptatibus non error aut explicabo qui aperiam.', 5, '2020-11-29 07:13:53', '2020-11-29 07:13:53'),
(173, 17, 'Layla Gorczany DVM', 'Magnam libero quos rerum inventore incidunt enim eos vel. Debitis ab nihil et enim vitae officia quod. Et nemo voluptas delectus vero.', 0, '2020-11-29 07:13:53', '2020-11-29 07:13:53'),
(174, 27, 'Mr. Adolph Maggio', 'Quam repellat saepe molestiae cupiditate. Voluptatem quam quia quis omnis dolores rerum molestiae. Dolor voluptas neque perspiciatis molestiae harum eos quia. Eius voluptatem error praesentium facere eum labore porro.', 4, '2020-11-29 07:13:53', '2020-11-29 07:13:53'),
(175, 34, 'Noemie Heidenreich', 'Impedit beatae maiores dolor omnis perferendis. Tenetur illum sit voluptatem voluptas mollitia est occaecati. Nihil dolores dolores quae ut sequi.', 3, '2020-11-29 07:13:53', '2020-11-29 07:13:53'),
(176, 50, 'Ara Abbott', 'Id et animi aliquid in voluptatem velit delectus. Sequi eius exercitationem eos nam perferendis omnis eum. Iusto iste consectetur est dolores eum tempore. Quaerat laboriosam fugiat aut quas ut.', 1, '2020-11-29 07:13:53', '2020-11-29 07:13:53'),
(177, 33, 'Kacie Ratke V', 'Debitis est qui quis et quia ratione. Cum magnam similique rerum maiores vel. Et blanditiis natus voluptatem commodi magni. Aut a optio exercitationem quidem modi sed quas similique.', 1, '2020-11-29 07:13:53', '2020-11-29 07:13:53'),
(178, 34, 'Nichole Rempel', 'Culpa recusandae cum aut voluptatem. Repellendus eaque assumenda quas. Est in consequatur minus totam ea a in. Repellendus architecto numquam veniam ut iusto aut. Excepturi molestias ab id dolores vel aut.', 1, '2020-11-29 07:13:53', '2020-11-29 07:13:53'),
(179, 39, 'Alvah Gottlieb', 'Eaque voluptatibus fugiat repellat consequuntur illum dolore voluptas neque. Quia officia quam porro animi libero est ut nisi. Eum adipisci eum delectus reiciendis alias expedita omnis quia.', 4, '2020-11-29 07:13:53', '2020-11-29 07:13:53'),
(180, 3, 'Christina Smith', 'Laborum omnis non veritatis ea tempore nihil eligendi. Quia sint rerum id ad perferendis voluptas dolores. Facilis incidunt quia consequatur commodi et.', 5, '2020-11-29 07:13:53', '2020-11-29 07:13:53'),
(181, 21, 'Erin McDermott', 'Nihil commodi ullam fuga consequatur qui inventore. Voluptatem aut aut enim ea harum. Eligendi ipsam facere tenetur ut totam cum atque. Molestiae quos non possimus unde. Quo delectus sunt architecto velit nobis ut omnis voluptas.', 4, '2020-11-29 07:13:53', '2020-11-29 07:13:53'),
(182, 17, 'Dewayne Bauch', 'Officia saepe est ut qui ut. Neque magni voluptas reiciendis.', 3, '2020-11-29 07:13:54', '2020-11-29 07:13:54'),
(183, 48, 'Brook Barton', 'Voluptatem iure dolores sed ea molestiae. Delectus blanditiis consequuntur omnis iusto. Suscipit quas adipisci sunt qui soluta dignissimos ut. Necessitatibus modi velit officiis dolor.', 0, '2020-11-29 07:13:54', '2020-11-29 07:13:54'),
(184, 35, 'Albertha Witting', 'Et minus dicta quidem corporis. Est quo delectus quia consequatur. Vel ea aut fugit qui ducimus aspernatur non. Adipisci voluptatem beatae corporis consequatur.', 4, '2020-11-29 07:13:54', '2020-11-29 07:13:54'),
(185, 18, 'Orville Toy', 'A nisi aliquid recusandae quis ut dolorem accusantium omnis. Possimus vero illo molestias exercitationem. Ipsum sequi eius aliquid quas et molestias quaerat. Nulla voluptatem eaque adipisci atque deserunt minima ex.', 3, '2020-11-29 07:13:54', '2020-11-29 07:13:54'),
(186, 27, 'Dr. Aniyah Larson', 'Veniam id eius assumenda nihil fugit omnis delectus. Sit atque doloribus ad enim consequuntur veritatis iste. Incidunt sunt temporibus eaque earum tempora sapiente sapiente. Autem sit adipisci perspiciatis nesciunt.', 3, '2020-11-29 07:13:54', '2020-11-29 07:13:54'),
(187, 21, 'Mr. Benedict Wyman', 'Nostrum dicta qui ut. Fugiat excepturi nisi explicabo.', 1, '2020-11-29 07:13:54', '2020-11-29 07:13:54'),
(188, 42, 'Margot Hill II', 'Et nihil omnis qui sit incidunt. Error quia dolores est ab sit cumque ut. Aut quidem tenetur ab iste. Saepe modi in ea fuga.', 4, '2020-11-29 07:13:54', '2020-11-29 07:13:54'),
(189, 27, 'Jensen Lubowitz', 'Molestiae ab ut est commodi. Pariatur vel adipisci sit laborum.', 2, '2020-11-29 07:13:54', '2020-11-29 07:13:54'),
(190, 46, 'Lon West', 'Dolore odio cum ut in ut ullam. Nihil et pariatur laudantium veritatis qui. Ea doloribus omnis dolores et minus quis.', 4, '2020-11-29 07:13:54', '2020-11-29 07:13:54'),
(191, 32, 'Zachariah Kerluke', 'Incidunt qui molestiae dolores placeat ut. Odit libero fugiat eius fugit eius deserunt perspiciatis. Est cupiditate animi eum et quod aut possimus.', 1, '2020-11-29 07:13:54', '2020-11-29 07:13:54'),
(192, 35, 'Teagan Denesik', 'Harum voluptas error aspernatur impedit. Exercitationem enim et beatae aut assumenda eveniet. Iusto et quisquam beatae. Modi quibusdam numquam reprehenderit sed. Eos et molestias maiores ut possimus laborum dolorum.', 0, '2020-11-29 07:13:54', '2020-11-29 07:13:54'),
(193, 12, 'Miss Lexie Hammes MD', 'Eius assumenda et autem rem quia. Temporibus nihil dolores eos debitis est. Qui consequuntur quasi velit ut architecto aut corporis itaque. Quis ut molestiae recusandae quia ipsam illo numquam.', 1, '2020-11-29 07:13:54', '2020-11-29 07:13:54'),
(194, 33, 'Mrs. Elenor Johns', 'Eum culpa minima quo. Inventore dolores ea aut commodi. Et quasi mollitia et delectus est. Facere amet consequatur officia consequatur.', 5, '2020-11-29 07:13:55', '2020-11-29 07:13:55'),
(195, 16, 'April Powlowski', 'Placeat doloribus corrupti enim magnam aut ab consequuntur sed. Et recusandae dolor dolores rerum. Minus ipsum dolores est illum ducimus itaque corrupti. Possimus sed eaque soluta a quia ex non et. Aut doloremque at et ea nobis facere sint.', 3, '2020-11-29 07:13:55', '2020-11-29 07:13:55'),
(196, 33, 'Lourdes Rau', 'Cum et vero nulla ab qui non molestiae corporis. Deserunt facere optio labore beatae quo voluptatibus aut ut.', 2, '2020-11-29 07:13:55', '2020-11-29 07:13:55'),
(197, 33, 'Miss Destany Bergstrom', 'Et temporibus dolore rerum dolorem nesciunt nobis quia. Repellendus sit odio exercitationem porro repellendus voluptatibus. Nostrum sed est ut velit et sed.', 2, '2020-11-29 07:13:55', '2020-11-29 07:13:55'),
(198, 44, 'Ari Murray', 'Nisi eum itaque eligendi voluptas. Officiis inventore voluptas eum. Et ab ad hic amet dolor. Laborum consequatur molestiae assumenda et.', 4, '2020-11-29 07:13:55', '2020-11-29 07:13:55'),
(199, 27, 'Mr. Elian Shields', 'Enim quasi est veritatis suscipit. Laudantium atque quasi vel soluta atque ducimus et molestiae. Fugiat amet nam dolor sapiente aspernatur quia vitae saepe.', 5, '2020-11-29 07:13:55', '2020-11-29 07:13:55'),
(200, 37, 'Madisen Okuneva', 'Omnis modi est et esse odio. Est quo veritatis molestiae voluptatem dolorem. Quam vel maxime quae temporibus. Nihil corporis dolor incidunt eum illo nemo.', 1, '2020-11-29 07:13:55', '2020-11-29 07:13:55'),
(201, 42, 'Kieran Stracke Sr.', 'Perspiciatis harum nam aut. Dolorem iste blanditiis voluptas magnam odio quos voluptatum et. Eum ut accusamus ut aliquid perspiciatis.', 3, '2020-11-29 07:13:55', '2020-11-29 07:13:55'),
(202, 8, 'Viva Sanford', 'Iste cum quas velit et autem fugiat sunt. Perspiciatis velit ipsum laborum.', 4, '2020-11-29 07:13:55', '2020-11-29 07:13:55'),
(203, 50, 'Triston Eichmann', 'Ut aperiam voluptate maxime qui cumque ut ipsum. Voluptate placeat soluta voluptas iusto qui tenetur. Est natus at fugiat molestiae modi iusto voluptatem. Optio necessitatibus natus suscipit ut. Eos eos quod minima.', 4, '2020-11-29 07:13:55', '2020-11-29 07:13:55'),
(204, 37, 'Olga Becker', 'Consequatur reiciendis quo maiores ea perspiciatis suscipit doloremque. Labore qui tenetur quia ea qui necessitatibus itaque. Tenetur officiis dolores voluptas corrupti accusamus aliquid minus. Fugiat dignissimos qui quo sed est.', 3, '2020-11-29 07:13:55', '2020-11-29 07:13:55'),
(205, 15, 'Christop Baumbach II', 'Qui voluptatem placeat deleniti veniam. Illum ipsa odit porro provident vitae. Qui sint dolores consequatur. Placeat quia voluptatem veniam quia.', 4, '2020-11-29 07:13:55', '2020-11-29 07:13:55'),
(206, 18, 'Eula Dibbert', 'Nesciunt laudantium aperiam dignissimos eos quia. Mollitia quo dignissimos reprehenderit deleniti. Qui rerum illo enim soluta neque fugiat.', 3, '2020-11-29 07:13:55', '2020-11-29 07:13:55'),
(207, 37, 'Ocie Weissnat', 'Sed nihil quam minus pariatur dolorem eaque. Aut laboriosam doloremque inventore autem dicta. Occaecati dolorem earum sed voluptas eius. Enim quia modi magni voluptatem consequatur.', 2, '2020-11-29 07:13:55', '2020-11-29 07:13:55'),
(208, 10, 'Violette Cole PhD', 'Nihil minus nisi quo soluta occaecati est. Aperiam magni aut earum ratione earum sequi delectus inventore. Est eos voluptas repellendus veniam ea. Dolor illo maiores voluptatem cum dolor reprehenderit corrupti consectetur.', 1, '2020-11-29 07:13:55', '2020-11-29 07:13:55');
INSERT INTO `reviews` (`id`, `product_id`, `customer`, `review`, `star`, `created_at`, `updated_at`) VALUES
(209, 38, 'Marjolaine Wilkinson', 'Sit eligendi architecto officia amet ut distinctio est. Et iure nostrum non quia. Sunt nulla impedit quisquam officiis quis autem et. Voluptatum eligendi repellat impedit excepturi aliquam voluptatem ullam.', 4, '2020-11-29 07:13:55', '2020-11-29 07:13:55'),
(210, 31, 'Johathan Kuhn MD', 'Neque et earum ut veniam commodi necessitatibus aliquam. Autem aut possimus in repudiandae.', 2, '2020-11-29 07:13:55', '2020-11-29 07:13:55'),
(211, 5, 'Dr. Talia Langosh', 'Non dolorem quis illum nulla quo corrupti. Et maxime voluptatem aspernatur corrupti. Illo vel dicta vitae commodi alias velit aliquid. Voluptas ullam dolor qui placeat accusamus illo.', 5, '2020-11-29 07:13:56', '2020-11-29 07:13:56'),
(212, 50, 'Aliya Kovacek', 'Pariatur explicabo quos fuga inventore beatae esse cupiditate molestiae. Nihil molestias quis corporis asperiores impedit corrupti incidunt. Aut laudantium ratione dicta cupiditate neque. Qui ut error asperiores minima rerum atque et.', 2, '2020-11-29 07:13:56', '2020-11-29 07:13:56'),
(213, 49, 'Mrs. Carmen Conn PhD', 'Minus facere numquam expedita deleniti molestias officia dolorem et. Harum ea molestias sunt aliquid cum exercitationem.', 4, '2020-11-29 07:13:56', '2020-11-29 07:13:56'),
(214, 46, 'Mr. Fredrick Beahan', 'Sed consequatur nisi nesciunt sit temporibus. Omnis iusto cum nostrum. Sequi impedit et a similique soluta itaque facere. Repellat labore sapiente illum delectus fugit iure. Quod eligendi molestiae necessitatibus rerum assumenda repudiandae commodi.', 0, '2020-11-29 07:13:56', '2020-11-29 07:13:56'),
(215, 13, 'Leif Frami', 'Necessitatibus soluta laboriosam eum non. Odio et magni aut eius neque non. Rerum cumque incidunt error qui sit ut eligendi magni.', 1, '2020-11-29 07:13:56', '2020-11-29 07:13:56'),
(216, 22, 'Donna Thompson', 'Id nihil odit eveniet ad amet minus. Sit repellendus quia voluptatem iure est alias sunt. Reiciendis esse necessitatibus et sit qui.', 3, '2020-11-29 07:13:56', '2020-11-29 07:13:56'),
(217, 37, 'Brad Wilkinson V', 'Sint eum ex architecto. Quo voluptatem saepe facilis occaecati rerum quis. Tempore optio sequi nostrum iusto sint et sapiente. Ipsam similique harum et ut distinctio commodi ipsum.', 3, '2020-11-29 07:13:56', '2020-11-29 07:13:56'),
(218, 7, 'Lina Kunze', 'Et modi esse omnis velit dolorum. Quia velit molestias consequuntur ut id minima. Dolores perspiciatis voluptatem voluptatem veritatis explicabo autem neque. Eos dolorem aperiam autem soluta. Quisquam nihil provident tenetur explicabo.', 2, '2020-11-29 07:13:56', '2020-11-29 07:13:56'),
(219, 34, 'Joesph Lebsack', 'Sit natus delectus assumenda vitae fuga. Id est eveniet nostrum quidem molestiae. Est eos sapiente illo neque consectetur nisi. Quas sed ipsam aliquam ipsum in.', 3, '2020-11-29 07:13:56', '2020-11-29 07:13:56'),
(220, 29, 'Mark Fritsch', 'Qui delectus velit unde exercitationem dolorum. Accusamus consequuntur deserunt minus velit voluptatem vitae. Eum quia et earum ipsum repellendus. Sit sit adipisci est eum nobis. Non laborum magni et voluptatem non.', 3, '2020-11-29 07:13:56', '2020-11-29 07:13:56'),
(221, 31, 'Dr. Lulu Hamill PhD', 'Delectus quis similique ut quaerat adipisci consequatur. Dolorem ullam recusandae dignissimos sed perferendis. Distinctio illo non porro qui possimus. Ipsa voluptatem numquam animi voluptatem.', 5, '2020-11-29 07:13:56', '2020-11-29 07:13:56'),
(222, 27, 'Adah Friesen', 'Nobis a sapiente consequatur cupiditate et officiis dolor. Dignissimos fuga beatae occaecati maxime et. Officia facilis velit natus vitae est sint cum. Quibusdam et qui ut quia accusantium adipisci quo. Animi voluptate qui vel sequi perspiciatis quia.', 0, '2020-11-29 07:13:56', '2020-11-29 07:13:56'),
(223, 23, 'Dr. Nathanial Koepp', 'Sit magni sunt a et. Nobis vitae veniam voluptatem et aut. Illo facilis porro vel perspiciatis eaque. Et labore voluptatum saepe et esse quisquam.', 3, '2020-11-29 07:13:56', '2020-11-29 07:13:56'),
(224, 10, 'Declan Labadie', 'Ut magnam officiis dolorem quos magni. Esse aut rerum dignissimos. Placeat praesentium et expedita soluta est.', 4, '2020-11-29 07:13:56', '2020-11-29 07:13:56'),
(225, 46, 'Ms. Kaylee Wisozk', 'Nihil magnam quidem molestiae aut. Sit ex commodi autem dicta animi incidunt sint. Cupiditate tenetur laborum facilis voluptatem aut. Illum qui molestias veniam eligendi aliquid.', 4, '2020-11-29 07:13:56', '2020-11-29 07:13:56'),
(226, 9, 'Tianna Wolff', 'Dolor minima dolorem ut labore nobis ad. Libero quam nihil et voluptas. Quia maxime nihil atque hic culpa esse.', 3, '2020-11-29 07:13:56', '2020-11-29 07:13:56'),
(227, 45, 'Abner Abshire', 'Et corporis omnis quisquam explicabo. Maxime quasi ut beatae nihil exercitationem.', 4, '2020-11-29 07:13:56', '2020-11-29 07:13:56'),
(228, 1, 'Makenna Krajcik', 'Quia quis similique optio fugiat est voluptatem odit. Sed nulla dolor nulla molestias quas. Sint nesciunt culpa fugit temporibus labore perspiciatis. Quae sunt provident eos sed.', 2, '2020-11-29 07:13:57', '2020-11-29 07:13:57'),
(229, 26, 'Mr. Vladimir Larkin Sr.', 'Aut quae quia facilis ut. Fuga saepe dolor enim modi. Et dolor ea tempore est dolor excepturi sit. Provident quasi nulla nisi soluta sed incidunt et.', 3, '2020-11-29 07:13:57', '2020-11-29 07:13:57'),
(230, 10, 'Dejon Gorczany', 'Distinctio consectetur voluptatem sunt autem aut vel facilis recusandae. Et qui totam et et sed. Fugit itaque tenetur amet deserunt.', 2, '2020-11-29 07:13:57', '2020-11-29 07:13:57'),
(231, 15, 'Tod Mante', 'Similique facere consequatur itaque quibusdam. Quia veritatis ab cumque maiores aliquam exercitationem molestiae. Optio aut non labore quibusdam rerum autem ipsum. Ipsum vitae ut repellendus sunt earum quis a.', 1, '2020-11-29 07:13:57', '2020-11-29 07:13:57'),
(232, 9, 'Eden Baumbach II', 'Doloribus doloremque quis est saepe et aut deserunt. Cupiditate ut atque eveniet nesciunt et omnis enim. Laborum eius repellat non omnis reiciendis vitae cupiditate.', 4, '2020-11-29 07:13:57', '2020-11-29 07:13:57'),
(233, 8, 'Palma Pfannerstill', 'Deleniti iusto natus est recusandae qui est facere illo. Aut quidem odit voluptas culpa nostrum. Quia labore harum ut deserunt animi sed sed. Id fugit error nam qui incidunt facilis ducimus.', 2, '2020-11-29 07:13:57', '2020-11-29 07:13:57'),
(234, 31, 'Lauryn Lockman V', 'Distinctio quod veniam optio velit iusto voluptates. Sed odit velit praesentium vel sed totam quisquam explicabo. Dignissimos fugiat facere sint.', 2, '2020-11-29 07:13:57', '2020-11-29 07:13:57'),
(235, 9, 'Mandy Nolan', 'Rem consequatur et officiis veniam. Nisi praesentium magni quasi et. Et eligendi ipsum corporis dolor laudantium velit.', 3, '2020-11-29 07:13:57', '2020-11-29 07:13:57'),
(236, 46, 'Brigitte Hahn', 'Nostrum sit dolorem sint sed. Doloribus eaque sint provident quaerat aut nulla ducimus adipisci. Quia non eius pariatur sunt. Quas impedit voluptates eos enim unde quam.', 0, '2020-11-29 07:13:57', '2020-11-29 07:13:57'),
(237, 18, 'Dr. Barry Borer', 'Reprehenderit animi aliquid vitae corporis ea asperiores neque accusantium. Molestiae ullam quam id ex rerum. Aperiam in inventore nesciunt dolor exercitationem aspernatur cumque. Similique provident voluptatem officiis consectetur rerum alias iure.', 0, '2020-11-29 07:13:57', '2020-11-29 07:13:57'),
(238, 42, 'Miss Carmella Toy', 'Molestiae quo saepe voluptatem mollitia quo qui est. Ut sit rerum aut et eum et tempore.', 0, '2020-11-29 07:13:57', '2020-11-29 07:13:57'),
(239, 17, 'Ebba Labadie', 'Animi et quis ea quaerat nobis fugiat. Nam id porro accusamus odit temporibus. Voluptatem inventore perferendis voluptatibus qui distinctio. Eos nihil doloribus ipsum repudiandae dolore. Quis voluptatem autem iusto itaque veniam.', 0, '2020-11-29 07:13:57', '2020-11-29 07:13:57'),
(240, 28, 'Mona Steuber', 'Rerum placeat saepe ut eligendi maxime. Impedit consequatur reprehenderit odio vel. Debitis aut dolorem commodi corporis sapiente labore. Sint est qui maxime et ut sed quis.', 5, '2020-11-29 07:13:57', '2020-11-29 07:13:57'),
(241, 34, 'Melany Yundt', 'Pariatur repudiandae et dicta vero rerum beatae sint. Pariatur impedit est et debitis. Vero quaerat occaecati debitis aut.', 5, '2020-11-29 07:13:57', '2020-11-29 07:13:57'),
(242, 11, 'Mr. Reynold Watsica III', 'Delectus a perferendis nostrum placeat aut et sint laudantium. Delectus aut esse quibusdam quis beatae. Accusamus sunt accusantium repudiandae libero.', 0, '2020-11-29 07:13:57', '2020-11-29 07:13:57'),
(243, 12, 'Fiona Volkman PhD', 'Aut rerum optio enim nemo. Cupiditate adipisci blanditiis sint et. Ducimus et autem molestias architecto nesciunt earum. Eligendi nostrum iusto facilis sequi inventore quasi excepturi.', 1, '2020-11-29 07:13:57', '2020-11-29 07:13:57'),
(244, 36, 'Afton Moore', 'Eveniet quia libero consectetur quia. Vel pariatur temporibus voluptatem voluptates iusto doloribus fugiat. Eos quos nihil laborum suscipit voluptatibus sit. Blanditiis quaerat est ullam sint.', 1, '2020-11-29 07:13:58', '2020-11-29 07:13:58'),
(245, 19, 'Mrs. Matilde Feest IV', 'Vel cupiditate nostrum quis aut temporibus architecto hic. Eligendi consectetur ut rerum libero quibusdam quis.', 3, '2020-11-29 07:13:58', '2020-11-29 07:13:58'),
(246, 25, 'Frederik Hartmann', 'Hic eum molestias dolorem ut molestiae. Et excepturi soluta ut voluptatem temporibus. Voluptatem quo consequatur qui accusantium nam ab possimus.', 3, '2020-11-29 07:13:58', '2020-11-29 07:13:58'),
(247, 38, 'Daniella Barrows', 'Ut voluptates doloribus ut dolorem. Excepturi occaecati commodi sint quis id voluptatum molestias. Vero repellendus enim eligendi ut voluptas. Sit aliquam deserunt voluptatem labore laborum sint sit.', 2, '2020-11-29 07:13:58', '2020-11-29 07:13:58'),
(248, 8, 'Prof. Ethan Runolfsdottir', 'Praesentium voluptatibus molestiae tempora repellat in maxime possimus. Quae veniam eum ratione et autem quas itaque. Consequatur saepe quo ut aut. Cupiditate eligendi rerum quisquam voluptas eum numquam exercitationem. Amet dolore neque et magnam.', 2, '2020-11-29 07:13:58', '2020-11-29 07:13:58'),
(249, 45, 'Lori Abbott II', 'Ea voluptas repellendus assumenda et corporis maxime. Dolor nostrum atque similique delectus.', 0, '2020-11-29 07:13:58', '2020-11-29 07:13:58'),
(250, 49, 'Dr. Samara Satterfield I', 'Cum non mollitia doloribus cumque eius necessitatibus distinctio. Accusantium ducimus rerum cupiditate voluptatem veritatis expedita officiis cupiditate. Quo numquam iure quia velit nesciunt. Occaecati consequatur et vel.', 0, '2020-11-29 07:13:58', '2020-11-29 07:13:58'),
(251, 22, 'Odie Wolf MD', 'Suscipit exercitationem omnis assumenda voluptatem excepturi culpa totam. Ut cumque numquam delectus. Temporibus animi atque et aliquid. Ea est dolores voluptatem mollitia enim officia.', 0, '2020-11-29 07:13:58', '2020-11-29 07:13:58'),
(252, 44, 'Bertram Larson', 'Ipsam harum sunt totam velit vitae eum. Et qui id odit molestiae laboriosam veritatis et. Est tempora et beatae reprehenderit quaerat numquam. In dolore maxime ea qui id. Dolorum odit dolor omnis voluptatem.', 5, '2020-11-29 07:13:58', '2020-11-29 07:13:58'),
(253, 2, 'Chaya Spencer', 'Commodi voluptates aspernatur dicta ea aut sint. Et saepe cupiditate dolore unde. Consequatur est unde numquam quam et alias voluptatibus similique. Voluptas impedit voluptas commodi alias culpa.', 5, '2020-11-29 07:13:58', '2020-11-29 07:13:58'),
(254, 36, 'Julio Weissnat', 'Quia tenetur et eveniet libero itaque non. Ratione dolores enim est architecto ut vitae. Reprehenderit est nesciunt facere ab quae. Consequuntur qui quos dignissimos quis aut sit est.', 4, '2020-11-29 07:13:58', '2020-11-29 07:13:58'),
(255, 9, 'Hilton Brekke', 'Aut quibusdam est qui et quisquam. Eveniet quam molestiae dolorem corrupti nulla molestiae. Dolor et dicta eligendi.', 5, '2020-11-29 07:13:58', '2020-11-29 07:13:58'),
(256, 44, 'Kasandra Schmeler', 'Provident nemo facilis nisi possimus. Aut totam ad nemo. Et quia qui inventore quibusdam ea. Facilis in inventore nostrum est blanditiis qui dolores.', 2, '2020-11-29 07:13:58', '2020-11-29 07:13:58'),
(257, 1, 'Milo Bruen', 'Sed eligendi ut enim iusto harum autem nihil eum. Voluptate deserunt eveniet est corporis neque. Omnis qui quidem qui dolorem vitae.', 3, '2020-11-29 07:13:58', '2020-11-29 07:13:58'),
(258, 8, 'Isadore Schneider', 'Dolores nesciunt ut est dolores fugiat. Omnis numquam sit eum error. Cumque sunt non dolorem est architecto hic. Expedita non dolor quo.', 1, '2020-11-29 07:13:58', '2020-11-29 07:13:58'),
(259, 33, 'Prof. Zackary Muller V', 'Provident quo et magni amet dolor officiis itaque. Sapiente et dolores voluptatem accusamus suscipit corporis. Illo expedita ut mollitia aut harum omnis.', 2, '2020-11-29 07:13:59', '2020-11-29 07:13:59'),
(260, 46, 'Mr. Kory Armstrong', 'Ullam dolor rerum vitae modi et eum consequatur. Aut sed doloremque quia inventore similique.', 1, '2020-11-29 07:13:59', '2020-11-29 07:13:59'),
(261, 8, 'Zachariah Tillman II', 'Expedita nostrum quod illo perspiciatis omnis. Doloribus sint voluptas non ad. Praesentium modi similique voluptates maxime accusantium officia nobis commodi.', 0, '2020-11-29 07:13:59', '2020-11-29 07:13:59'),
(262, 47, 'Miss Carrie Kautzer Jr.', 'Error quo dicta libero est non rerum. Velit id ullam impedit sint. Sunt ab dolorem optio tenetur id. Qui quae dolores rerum earum.', 0, '2020-11-29 07:13:59', '2020-11-29 07:13:59'),
(263, 16, 'Ashton Kirlin', 'In qui voluptates quidem quam. Sint id vitae aut. Soluta aut harum eum ut.', 5, '2020-11-29 07:13:59', '2020-11-29 07:13:59'),
(264, 33, 'Ms. Lenna Legros DVM', 'Est recusandae deserunt optio natus quia rerum qui. Illo voluptate repellat quas harum.', 0, '2020-11-29 07:13:59', '2020-11-29 07:13:59'),
(265, 8, 'Florine Walter DDS', 'Odit voluptas voluptas a est impedit consequatur quidem. Fugiat perspiciatis libero est. Sapiente nam quia fugiat laboriosam nemo enim sequi.', 2, '2020-11-29 07:13:59', '2020-11-29 07:13:59'),
(266, 20, 'Jaron Lebsack', 'Et vero alias vel expedita omnis maxime fugit aut. Amet voluptate pariatur rerum veritatis autem fugiat. Ab neque qui velit aut doloremque quis.', 4, '2020-11-29 07:13:59', '2020-11-29 07:13:59'),
(267, 13, 'Dr. Allen Wehner', 'Voluptates voluptas recusandae harum ipsam. Quidem ut id quae vel ad quod. Pariatur est voluptates incidunt velit quia est qui. Aliquid voluptas est occaecati ipsum et quos ipsam.', 3, '2020-11-29 07:13:59', '2020-11-29 07:13:59'),
(268, 46, 'Lori Quitzon', 'Omnis ex soluta fuga quas odit ullam est. Ut rerum ullam provident et consectetur dolores minus. Officiis voluptates laboriosam vel similique ut. Ea quas perferendis provident.', 4, '2020-11-29 07:13:59', '2020-11-29 07:13:59'),
(269, 30, 'Stephania Wunsch', 'Quo commodi ipsa molestias. Qui aut voluptatum quasi. Ullam velit vel velit. Corrupti quos et excepturi itaque et in.', 3, '2020-11-29 07:13:59', '2020-11-29 07:13:59'),
(270, 31, 'Onie Wilkinson', 'Natus culpa vel corporis in sapiente similique accusamus quos. Aliquam et qui ullam. Consequatur vel debitis sit eius eos at reiciendis.', 4, '2020-11-29 07:13:59', '2020-11-29 07:13:59'),
(271, 12, 'Prof. Maxine Bradtke', 'Aliquid assumenda voluptate harum tenetur rerum velit. Neque officiis sit qui voluptas qui. Nam repellendus vel ut qui quia tempore quasi aperiam. Laudantium ea cupiditate sit praesentium molestias.', 2, '2020-11-29 07:13:59', '2020-11-29 07:13:59'),
(272, 22, 'Ophelia West', 'Cum voluptatem nihil et ex explicabo. Tempora voluptatibus velit aliquam libero laboriosam. Soluta voluptatem architecto sequi tempora voluptatibus voluptates corrupti.', 1, '2020-11-29 07:14:00', '2020-11-29 07:14:00'),
(273, 1, 'Ivory O\'Conner', 'Laboriosam illo dolorem dolorem. Natus nostrum fuga placeat et temporibus. Qui sequi veritatis quia eligendi illum. Eum quasi consequuntur ut aliquid voluptates impedit incidunt. Officiis quaerat amet dolore excepturi eius.', 3, '2020-11-29 07:14:00', '2020-11-29 07:14:00'),
(274, 50, 'Angus Rice MD', 'Suscipit voluptates consequatur ut voluptates nobis. Qui vel quia assumenda dolor ab non. Fugiat facere illo soluta illo molestiae id. Ipsa voluptates quae molestiae consequuntur.', 2, '2020-11-29 07:14:00', '2020-11-29 07:14:00'),
(275, 18, 'Ruben Hermann', 'Quia facere facilis consequatur suscipit nihil temporibus dolorum. Vitae asperiores cum saepe perferendis qui quam praesentium ratione. Et odit quae et omnis dignissimos et et.', 0, '2020-11-29 07:14:00', '2020-11-29 07:14:00'),
(276, 45, 'Dr. Davin Hodkiewicz', 'Laboriosam occaecati dolorem ratione consequatur doloremque. Sed sit delectus rem numquam cum laudantium exercitationem. Dolor porro possimus impedit et. Esse doloribus ad soluta omnis aliquam reiciendis.', 4, '2020-11-29 07:14:00', '2020-11-29 07:14:00'),
(277, 42, 'Rickey Emmerich', 'Aut cum animi sapiente qui impedit dolor aut. Beatae voluptatem dolore nam dolor qui. Doloribus labore rerum ab totam quo.', 1, '2020-11-29 07:14:00', '2020-11-29 07:14:00'),
(278, 5, 'Mariah Metz', 'Perspiciatis corrupti sed voluptatum animi aut. Voluptatum necessitatibus consectetur ipsam aut dignissimos qui sint. Aut qui aut eum quis aliquam harum. Sed saepe non ipsa vitae.', 5, '2020-11-29 07:14:00', '2020-11-29 07:14:00'),
(279, 35, 'Annette Johnson I', 'Est natus odit quis ex. Aut voluptatibus distinctio aliquam mollitia. Rem voluptas consectetur sint natus eligendi occaecati. Amet veritatis molestiae dolor sed. Aut blanditiis inventore sapiente consequatur occaecati sit deserunt delectus.', 5, '2020-11-29 07:14:00', '2020-11-29 07:14:00'),
(280, 17, 'Ethyl Schoen', 'Quisquam aliquid ut architecto laudantium nihil quis nihil. Repudiandae deserunt et ut repudiandae unde esse et. Vel facere dolor dolorem eveniet non quaerat consequatur.', 4, '2020-11-29 07:14:00', '2020-11-29 07:14:00'),
(281, 41, 'Niko Zboncak', 'Quasi occaecati eum porro suscipit temporibus. Quibusdam dolores sit aut inventore libero. Illo est illo sit quod odit.', 2, '2020-11-29 07:14:00', '2020-11-29 07:14:00'),
(282, 28, 'Dr. Christophe Ullrich', 'Fugiat impedit quasi natus vel ipsum autem exercitationem. Aut autem quia quos blanditiis possimus quia. Ipsum ut et sit suscipit sit. Magni velit incidunt totam.', 3, '2020-11-29 07:14:00', '2020-11-29 07:14:00'),
(283, 41, 'Trystan Deckow', 'Ut amet laborum eius dignissimos unde culpa sed. Aut blanditiis voluptatibus quis exercitationem consectetur. Iusto architecto rem harum vero assumenda dignissimos vel.', 3, '2020-11-29 07:14:00', '2020-11-29 07:14:00'),
(284, 14, 'Andre Adams', 'Atque voluptate architecto odit et aut. Et eum voluptatem est itaque officiis rerum. Non quia consequuntur tempora repudiandae quis omnis sint error. Dolores id deserunt aut voluptatem.', 5, '2020-11-29 07:14:01', '2020-11-29 07:14:01'),
(285, 19, 'Ashton Bauch DDS', 'Similique a quasi provident qui. Corrupti aut quod et possimus fugit nemo optio. Voluptatem cumque iusto qui repellendus amet. Eos optio cupiditate expedita eveniet maxime.', 2, '2020-11-29 07:14:01', '2020-11-29 07:14:01'),
(286, 25, 'Henry Gorczany', 'Ducimus reprehenderit rerum quia fugit officia. Modi dolore perspiciatis animi pariatur esse dolorum repellat. Ex rerum quo aliquid est laudantium perferendis explicabo.', 1, '2020-11-29 07:14:01', '2020-11-29 07:14:01'),
(287, 40, 'Brando Emard', 'Voluptas voluptas quae mollitia officiis qui sed exercitationem iusto. Excepturi consequatur iste modi sunt dignissimos aut ullam. Eos mollitia sed sed velit ipsum sit. Cum aperiam ab distinctio totam nihil beatae qui.', 2, '2020-11-29 07:14:01', '2020-11-29 07:14:01'),
(288, 44, 'Jocelyn Aufderhar', 'Commodi cumque facilis dolor praesentium tempora officiis quia aspernatur. Expedita ullam ut dolor autem repellendus. Harum aut expedita laboriosam non. Sit sunt sunt animi nobis facilis nihil minima.', 1, '2020-11-29 07:14:01', '2020-11-29 07:14:01'),
(289, 49, 'Devan Conroy Sr.', 'Aliquid rerum illo dolores consequatur dolor voluptatem. Dolorem eos ipsa exercitationem exercitationem qui. Placeat sed consequatur quo est animi.', 5, '2020-11-29 07:14:01', '2020-11-29 07:14:01'),
(290, 27, 'Marcus Wuckert DDS', 'Distinctio veritatis temporibus veniam incidunt. Aut dolorem eligendi reprehenderit.', 4, '2020-11-29 07:14:01', '2020-11-29 07:14:01'),
(291, 41, 'Eladio Rogahn II', 'Maiores tenetur blanditiis repudiandae accusantium autem vitae. Aut modi qui corporis soluta molestiae unde ea. Ullam dolores et possimus ut repellat est ipsam quisquam.', 3, '2020-11-29 07:14:01', '2020-11-29 07:14:01'),
(292, 8, 'Mrs. Katlyn Abbott', 'Aut quam ut eligendi eligendi natus commodi. Repellendus dolorem sed amet ea qui eum. Odit ex repellat rerum doloremque modi dolores quidem.', 5, '2020-11-29 07:14:01', '2020-11-29 07:14:01'),
(293, 41, 'Dr. Zachery Waters', 'Nam illum velit est. Dolor delectus asperiores et debitis cupiditate autem iure. Esse ducimus eaque placeat enim minus illum.', 0, '2020-11-29 07:14:01', '2020-11-29 07:14:01'),
(294, 27, 'Prof. Ayla Kemmer I', 'Cum illo amet unde quis pariatur. Repellendus iusto deserunt blanditiis error. Rerum nisi excepturi et sit et aut.', 5, '2020-11-29 07:14:01', '2020-11-29 07:14:01'),
(295, 33, 'Dr. Terry Mitchell', 'Aut est dolores magni. In deserunt quidem qui voluptas.', 0, '2020-11-29 07:14:01', '2020-11-29 07:14:01'),
(296, 20, 'Donald Zemlak', 'Mollitia similique numquam alias suscipit. Veniam veritatis perferendis corrupti omnis odio nemo magni. Ipsa ea cum eligendi voluptatibus. Iusto odio similique velit fugiat rerum qui provident animi. Magni delectus quia eius quo consequatur asperiores voluptatem et.', 5, '2020-11-29 07:14:02', '2020-11-29 07:14:02'),
(297, 38, 'Carroll Carroll', 'Cupiditate et vero mollitia et. Rerum odit quia amet est. Doloribus veniam aliquid incidunt dolor debitis.', 5, '2020-11-29 07:14:02', '2020-11-29 07:14:02'),
(298, 28, 'Herminia Reichel', 'Exercitationem velit ipsa aut. Nihil nihil in dolorem tempore est omnis enim. Labore reprehenderit eum ut voluptatem esse. Qui perferendis maxime et consequuntur praesentium delectus consectetur.', 0, '2020-11-29 07:14:02', '2020-11-29 07:14:02'),
(299, 19, 'Prof. Timothy Morar I', 'Dolor molestiae aut provident animi in. Aut quidem quis dolorem perferendis quibusdam. Sed voluptatum modi veniam eius nulla.', 4, '2020-11-29 07:14:02', '2020-11-29 07:14:02'),
(300, 26, 'Mr. Grayson Farrell Sr.', 'Aut et consequatur voluptas. Aliquam vel ipsum nihil commodi. Repellat eaque saepe aliquam ut voluptatem reprehenderit.', 0, '2020-11-29 07:14:02', '2020-11-29 07:14:02');

-- --------------------------------------------------------

--
-- Table structure for table `users`
--

CREATE TABLE `users` (
  `id` bigint(20) UNSIGNED NOT NULL,
  `name` varchar(191) COLLATE utf8mb4_unicode_ci NOT NULL,
  `email` varchar(191) COLLATE utf8mb4_unicode_ci NOT NULL,
  `email_verified_at` timestamp NULL DEFAULT NULL,
  `password` varchar(191) COLLATE utf8mb4_unicode_ci NOT NULL,
  `remember_token` varchar(100) COLLATE utf8mb4_unicode_ci DEFAULT NULL,
  `created_at` timestamp NULL DEFAULT NULL,
  `updated_at` timestamp NULL DEFAULT NULL
) ENGINE=InnoDB DEFAULT CHARSET=utf8mb4 COLLATE=utf8mb4_unicode_ci;

--
-- Indexes for dumped tables
--

--
-- Indexes for table `migrations`
--
ALTER TABLE `migrations`
  ADD PRIMARY KEY (`id`);

--
-- Indexes for table `password_resets`
--
ALTER TABLE `password_resets`
  ADD KEY `password_resets_email_index` (`email`);

--
-- Indexes for table `products`
--
ALTER TABLE `products`
  ADD PRIMARY KEY (`id`);

--
-- Indexes for table `reviews`
--
ALTER TABLE `reviews`
  ADD PRIMARY KEY (`id`);

--
-- Indexes for table `users`
--
ALTER TABLE `users`
  ADD PRIMARY KEY (`id`),
  ADD UNIQUE KEY `users_email_unique` (`email`);

--
-- AUTO_INCREMENT for dumped tables
--

--
-- AUTO_INCREMENT for table `migrations`
--
ALTER TABLE `migrations`
  MODIFY `id` int(10) UNSIGNED NOT NULL AUTO_INCREMENT, AUTO_INCREMENT=5;

--
-- AUTO_INCREMENT for table `products`
--
ALTER TABLE `products`
  MODIFY `id` bigint(20) UNSIGNED NOT NULL AUTO_INCREMENT, AUTO_INCREMENT=51;

--
-- AUTO_INCREMENT for table `reviews`
--
ALTER TABLE `reviews`
  MODIFY `id` bigint(20) UNSIGNED NOT NULL AUTO_INCREMENT, AUTO_INCREMENT=301;

--
-- AUTO_INCREMENT for table `users`
--
ALTER TABLE `users`
  MODIFY `id` bigint(20) UNSIGNED NOT NULL AUTO_INCREMENT;
COMMIT;

/*!40101 SET CHARACTER_SET_CLIENT=@OLD_CHARACTER_SET_CLIENT */;
/*!40101 SET CHARACTER_SET_RESULTS=@OLD_CHARACTER_SET_RESULTS */;
/*!40101 SET COLLATION_CONNECTION=@OLD_COLLATION_CONNECTION */;
